-- phpMyAdmin SQL Dump
-- version 5.2.1
-- https://www.phpmyadmin.net/
--
-- Hôte : 127.0.0.1
-- Généré le : mer. 12 juin 2024 à 20:43
-- Version du serveur : 10.4.32-MariaDB
-- Version de PHP : 8.2.12

SET SQL_MODE = "NO_AUTO_VALUE_ON_ZERO";
START TRANSACTION;
SET time_zone = "+00:00";


/*!40101 SET @OLD_CHARACTER_SET_CLIENT=@@CHARACTER_SET_CLIENT */;
/*!40101 SET @OLD_CHARACTER_SET_RESULTS=@@CHARACTER_SET_RESULTS */;
/*!40101 SET @OLD_COLLATION_CONNECTION=@@COLLATION_CONNECTION */;
/*!40101 SET NAMES utf8mb4 */;

--
-- Base de données : `rhmanager`
--

-- --------------------------------------------------------

--
-- Structure de la table `calendrier`
--

CREATE TABLE `calendrier` (
  `id_calendrier` bigint(20) NOT NULL,
  `annee` int(11) NOT NULL,
  `jours_ouvrables` int(11) NOT NULL
) ENGINE=InnoDB DEFAULT CHARSET=utf8mb4 COLLATE=utf8mb4_general_ci;

-- --------------------------------------------------------

--
-- Structure de la table `conge`
--

CREATE TABLE `conge` (
  `id` bigint(20) NOT NULL,
  `date_debut` varchar(255) DEFAULT NULL,
  `date_fin` varchar(255) DEFAULT NULL,
  `description` varchar(255) DEFAULT NULL,
  `type` varchar(255) DEFAULT NULL,
  `status` enum('PENDING','APPROVED','REJECTED') DEFAULT NULL,
  `utilisateur_id` bigint(20) DEFAULT NULL
) ENGINE=InnoDB DEFAULT CHARSET=utf8mb4 COLLATE=utf8mb4_general_ci;

--
-- Déchargement des données de la table `conge`
--

INSERT INTO `conge` (`id`, `date_debut`, `date_fin`, `description`, `type`, `status`, `utilisateur_id`) VALUES
(1, '2024-04-10', '2024-04-30', 'rezrzaerazer', 'Sick leave', 'APPROVED', NULL),
(2, '2024-04-16', '2024-05-08', 'rzerzaera', 'Sick leave', 'APPROVED', NULL),
(3, '2024-03-31', '2024-05-02', 'rzaerazerazr', 'Sick leave', 'REJECTED', NULL),
(4, '2024-05-14', '2024-05-30', 'rezraz', 'fdsqfqs', 'REJECTED', NULL),
(5, '2024-05-21', '2024-06-06', 'refdsc', 'fdsqfqs', 'REJECTED', NULL),
(6, '2024-05-14', '2024-05-28', 'csdfqsd', 'fdsqfqs', NULL, NULL);

-- --------------------------------------------------------

--
-- Structure de la table `dossier`
--

CREATE TABLE `dossier` (
  `id` bigint(20) NOT NULL,
  `goals` varchar(255) DEFAULT NULL,
  `nom` varchar(255) DEFAULT NULL,
  `num` int(11) NOT NULL,
  `progress` int(11) NOT NULL,
  `status` varchar(255) DEFAULT NULL,
  `projet_id` bigint(20) DEFAULT NULL
) ENGINE=InnoDB DEFAULT CHARSET=utf8mb4 COLLATE=utf8mb4_general_ci;

--
-- Déchargement des données de la table `dossier`
--

INSERT INTO `dossier` (`id`, `goals`, `nom`, `num`, `progress`, `status`, `projet_id`) VALUES
(2, 'imed', 'rzeraz', 1, 100, 'Open', 1),
(3, 'rzearza', 'rzeraz', 2, 0, 'Open', 1),
(4, 'rzeraz', 'erzrza', 3, 0, 'Completed', 1),
(5, 'imed', 'imed', 4, 100, 'Completed', 1),
(6, 'sprint 1 terminer', 'sprint 1', 5, 0, 'Open', 1);

-- --------------------------------------------------------

--
-- Structure de la table `equipe`
--

CREATE TABLE `equipe` (
  `id` bigint(20) NOT NULL,
  `domaine` varchar(255) DEFAULT NULL,
  `nom` varchar(255) DEFAULT NULL,
  `status` varchar(255) DEFAULT NULL,
  `chef_id` bigint(20) DEFAULT NULL,
  `departement` tinyint(4) DEFAULT NULL
) ENGINE=InnoDB DEFAULT CHARSET=utf8mb4 COLLATE=utf8mb4_general_ci;

--
-- Déchargement des données de la table `equipe`
--

INSERT INTO `equipe` (`id`, `domaine`, `nom`, `status`, `chef_id`, `departement`) VALUES
(1, 'ghjklm', 'hjklm', NULL, NULL, NULL),
(2, 'QA', 'Team1', NULL, 5, NULL);

-- --------------------------------------------------------

--
-- Structure de la table `equipe_historique`
--

CREATE TABLE `equipe_historique` (
  `id` bigint(20) NOT NULL,
  `acteur` varchar(255) DEFAULT NULL,
  `action` varchar(255) DEFAULT NULL,
  `date` datetime(6) DEFAULT NULL,
  `type` tinyint(4) DEFAULT NULL,
  `equipe_id` bigint(20) DEFAULT NULL
) ENGINE=InnoDB DEFAULT CHARSET=utf8mb4 COLLATE=utf8mb4_general_ci;

-- --------------------------------------------------------

--
-- Structure de la table `equipe_membres`
--

CREATE TABLE `equipe_membres` (
  `equipe_id` bigint(20) NOT NULL,
  `membres_id` bigint(20) NOT NULL
) ENGINE=InnoDB DEFAULT CHARSET=utf8mb4 COLLATE=utf8mb4_general_ci;

--
-- Déchargement des données de la table `equipe_membres`
--

INSERT INTO `equipe_membres` (`equipe_id`, `membres_id`) VALUES
(1, 5),
(1, 7),
(1, 8),
(2, 6);

-- --------------------------------------------------------

--
-- Structure de la table `equipe_projets`
--

CREATE TABLE `equipe_projets` (
  `equipe_id` bigint(20) NOT NULL,
  `projets_id` bigint(20) NOT NULL
) ENGINE=InnoDB DEFAULT CHARSET=utf8mb4 COLLATE=utf8mb4_general_ci;

--
-- Déchargement des données de la table `equipe_projets`
--

INSERT INTO `equipe_projets` (`equipe_id`, `projets_id`) VALUES
(2, 2),
(2, 3),
(2, 4);

-- --------------------------------------------------------

--
-- Structure de la table `feed_back`
--

CREATE TABLE `feed_back` (
  `id` bigint(20) NOT NULL,
  `date_soumission` date DEFAULT NULL,
  `description` varchar(255) DEFAULT NULL,
  `libelle` varchar(255) DEFAULT NULL,
  `type_feed_back` enum('PLEASED','UNPLEASED') DEFAULT NULL,
  `utilisateur_employe_feed_back_id` bigint(20) DEFAULT NULL,
  `utilisateur_manager_feed_back_id` bigint(20) DEFAULT NULL
) ENGINE=InnoDB DEFAULT CHARSET=utf8mb4 COLLATE=utf8mb4_general_ci;

--
-- Déchargement des données de la table `feed_back`
--

INSERT INTO `feed_back` (`id`, `date_soumission`, `description`, `libelle`, `type_feed_back`, `utilisateur_employe_feed_back_id`, `utilisateur_manager_feed_back_id`) VALUES
(1, '2024-05-31', 'good job ', 'imed attia ', 'PLEASED', 5, NULL),
(2, '2024-06-12', 'juu', 'ju', 'PLEASED', 5, NULL);

-- --------------------------------------------------------

--
-- Structure de la table `file_entity`
--

CREATE TABLE `file_entity` (
  `id` bigint(20) NOT NULL,
  `data` mediumblob DEFAULT NULL,
  `file_name` varchar(255) DEFAULT NULL,
  `file_type` varchar(255) DEFAULT NULL,
  `user_id` bigint(20) DEFAULT NULL
) ENGINE=InnoDB DEFAULT CHARSET=utf8mb4 COLLATE=utf8mb4_general_ci;

--
-- Déchargement des données de la table `file_entity`
--

INSERT INTO `file_entity` (`id`, `data`, `file_name`, `file_type`, `user_id`) VALUES
(4, 0xffd8ffe000104a46494600010100000100010000ffdb0043000302020302020303030304030304050805050404050a070706080c0a0c0c0b0a0b0b0d0e12100d0e110e0b0b1016101113141515150c0f171816141812141514ffdb00430103040405040509050509140d0b0d1414141414141414141414141414141414141414141414141414141414141414141414141414141414141414141414141414ffc20011080320032003012200021101031101ffc4001d000100010501010100000000000000000000040203050607010809ffc4001b01010003010101010000000000000000000001020304050607ffda000c03010002100310000001faa40000000000000000000000000000000000000000000000000000000000000000000000000000000000000000000000000000000008e48f391e0a73ef157ce3bac3acb9a65667766b3b2c5bd0900000000000000000000000000000000000000000000000000000000000000016617ade3f924d778e2bafeafd3cb9cf3071f5e7cf6c5a05cb4748af5f8f95f6cebbc32563b7d4b778ff004dcfab26a2b8b0000000000000000000000000000000000000000000000000000000000002d59f9ed1bfe818dc5b3c869f98d2f6c21e6187ebce15f9317548931e7d29b06363c5c6f90af5a92be533fa558b476bdc3e61c873e9f53ee5f216e74bfd495726ea54daf8890000000000000000000000000000000000000000000000000000001e1c739fdcd7efcf7b4f9585db3d835ebfad5a727630f4db6da2263a3a998c860a644c28d92c7d34c9e475f8f6ae4ade36b8d3277235d9ae5335a9e4a95dfba6f19dc79e3e9f93a66e6d8000000000000000000000000000000000000000000000000000001125f2d5789eb16b5ee9e3c859c75ebe93b0577219eb836e9b27375f2cb7d8a663bf17cdf4ba6b385bfb2e770e8e4717bddbbd7e798df414747ceb6bbee9ba61cfafb17d7cd9fcde9136d9773fa17e33ef594f6813200000000000000000000000000000000000000000000000000003e61fa7be53b67c8b173656f8e236ee87b77375739dab75ab9baf589f97a39bae2589de72f56369c979869126abbc57728bbd39d35fb775a58b791a98e9dcc7bfc0bd3e4ac67d01c3bbb8360ea3ceba9b0fa2b23a4eecb848000000000000000000000000000000000000000000000000001f2c7d4ff365b2e2dd0b43ecf6a6d132b71fa74d8ae3e1d3447bb4f2eea69f70daba2e2b6b777d5a3cbab9b5577cbbbe772ed9bbae555ea2e5f3b7c4fbdeb36e4e27d2f44e87a72f73954d5a58240000000000000000000000000000000000000000000000000014fcbbf46fc7d7c311d3b946ff0015eb5730b90f37d9b96eaa33e8f3cbb5e7ad8aae26d45377c4f94d7eda3cafc2b55cb776d5bb7ed5fdf2f6ba2bbe527d5fb73f27c8e46d571ee23a6800000000000000000000000000000000000000000000000000006a5f197dcdf12edcd0776d336257ac6531391f0bdd9773c85b5a75bd730333bf58e4f6f3d3ad343cb63d1b55782bf5d32f4e3235ab9bb3a669da53aec7f9d3cf4bccfa3321f3d66ad4fa6327c6ba946782aaacb674e8e37a00000000000000000000000000000000000000000000000000001e7c97f5af15b67f3e6d78fd9631dcf2582d0393d4e89c874abfd78d30f62955d74f91b2e3a2d7b60c058a4f519fcc25f27a1d271fa25aa4cdd57cd8bbb931792ce6db3cfa2c8de33386dc8b5cef172d97cbbf42f09fb17b78baa8cec000000000000000000000000000000000000000000000000000034fdc20d63e61b313034aecfc13eb9e476db54eafac66f3d266331d845bdd77079ce98deaa895e34d3bdc96f36d2ae53f48726a6b90d177ec2d6f87ccc297d5c587dcf0b97adf6dd9313b470f47cfbf5c7cf7f50f6714aac9a80000000000000000000000000000000000000000000000000000f3d1f216cf565f265b5cd9eae7ede0dbb69fd5aee6763788d9efcfe06f30f4da26c190c9f2db88f4bd03bd76f3f9cefabc9e7ebe05d439c763d78b9743ead0b0e8e77b76467dab3f378685b726a9f46720e91d3c9b2b50db6b6ac5b30000000000000000000000000000000000000000000000000006a5b67cd78f6ed51f8f752f3fd4d826c197d3e6f2fdd321c93474d8f7af7276e2ed64e36778783b58adf093d360639b6c990d3a6d36c9737e9aece0c6c8e594677eb37f98e5ef4dc39de7ba0eb865aec79135f9c3ea6f92fea1f3bea36f1ea7c580000000000000000000000000000000000000000000000000079f267d67c039bd8d4f61bba7707a5d325636e6de3de8772365d1a7dcce455f0b85d8b176db53ea3a7588db157f0d3ed96f51b17373df51d8f398abe59ec06e58ba694ec9ac66ab5da321afe477f3f3d3313776e7d07b8683d5277ac76790000000000000000000000000000000000000000000000000001e6a9b5e1f3d7e6fcd5eb5e4fd464ee63e55bc5bb1d6b0e9b71ae6a79f56c10ae5c695c19b8fd58db78dc874659da65b341cbc2956a6c746265c535a952f139efb3e535acf32cfc8c7e47ab832fbbe073de87105f20000000000000000000000000000000000000000000000000004691444f32c2e571de6faba86430b8e9e7d9e8a28e4ec4097673eac73cbf75c8f224a70799d5f4edf6ee15711cbcf4759bdc4616997d030341dd32e2bd86bf56517739072ca646e58b7d3c5d233f80cff00a3c216a8000000000000000000000000000000000000000000000000003cf473fd1bba6138bb3e62c2f68e07d7cdbae4f9467b9f7e8d8d897bcef4ef61f351e35e7527a64b9be8399ce449ecc6c5ca7b7d321b0ea797b72e430b9e9f5e4d072b97c3659e5a9a3136c331b873cebbd7cbbb5e3bf900000000000000000000000000000000000000000000000000000000c57c3ff7afcdb7af11c64881a4ecfba721dcb87bb77cb60f2be37b199b14c8caf8ec6ec1026d87a6653d11233d1f3d38deb9229be18cd6b60d72917ecc0a3a39321d9391fd11d7cb3c74620000000000000000000000000000000000000000000000000000000352db7c3f3cf1bd6392f4563e7b5dc8e76e83b8f2ddd3cbf53739b86ca799e8cdb3eda89b72acd9bce7e7e065f4736768c747be38fd6e6ebacb2383cee1faf93ae767c664fa310bd4000000000000000000000000000000000000000000000000000000079ed10f9ffe6efa8341e2eee03232389f478b3998d4252dd2b67e4b97e2ece99569990e2edd8e1e16056fb664f549da576ac6603116e6d9f11ee97d3cfd1fb7e9ddc36e5a869500000000000000000000000000000000000000000000000000000000787b8599c5e9a57af67f0fe37b3a7f30ecd81d73e396b77d43d8f2ec5e83559b35dd66656fb440c0dba36591a9cfb321330f9dad60f6ef76ee2dfa3ec5a4ee7d5cd58d73000000000000000000000000000000000000000000000000000000028e5927e72d3bbeaee45d2b0534c062eba7e6bd7c763b2b12baebb84dbb1bd5c7cfb0fd4a0f773f2ff7a5e134c74aa37dc9d9a667f75d839af0f70b933974b13ac4acf4c9eddce6efa5c7d86bc3667a78812000000000000000000000000000000000000000000000000000079a9c8f8e3a308fee9b2babd0facfa17cfbdfb93d8d1f48edbac7278fcdadacf83ee478f3acd9898d99b7b31f6f37e230d90932226f64ede5eb94997edc9c2d5ea6a3178df2c77cf60dc340dfbd0f16b14000000000000000000000000000000000000000000000000000359d97e56d29a068945bf5b8d1af58af4760fa17e4aec1f37fa97781ecfe5b8ee63d7edf2f4702aba1681e27b4f7cb99eef6ed498f7ae5e99bd9ac5e5699cef16a72bd0986adf5fcbe83d47d7cfa7dfb9f237a1f3df70b41dfb9f6048000000000000000000000000000000000000000000000053aecd7638fc3790f5e1da3e59898deba5caad7b69aedd54566f75ce35d13c9fb4facb27cb3a7cf9773df2aeaf07cc3663d89e3507b6681e4fafabc8a6e79fe92e2ec2e64f153ab59962dc3453ac4cd4b6da677dd537cf7fc1cb7c15f7efc27b79963ef2fcdbfa7e74fa6c70f40000000000000000000000000000000000000000000063799698f56e77c3f49f4787a8f36c445eec6e41aa169ac1b55d3c3d7e7a55e79e5e3d99628ceff004775af9efb7799f4bb5dc8b23a7e79e7ab65ed74fb68d634bec187e3eee694edbae793ead8bf072796b6313bedaece6e4392e8199eacf2995d3f0fe8f8bd8fe7ced7c432f43e5eceee1a2f6f9df70743f86bb373e3f40b57d938fb2e08b8000000000000000000000000000000000000f0798fe53b73f53e5bc8b5cf47cad8f51a61f7d11d62fd1e5bf7ca5ad6332f4d34d66bcd44e4da2d766745a9bbef9334535f8995f4efca7debcff63b6e6b84f74c3d1bbe54ebf96a7daadcace22d5e8bdcafcb748c3ca9796aeb87a25c5df28d0ef515d21c69b1a1b4e83b162b3f560fcd5f4b7cd3e8791b2e6b5eccefe2e2f7dd27011afd59d43e13cb736ff753e51e99c7d1d8d80cee1bd422e000000000000000000000000000001e311cf36e5e8fcc39dea7e978f9ad56d41eecafc4b5627a3db5e52e8a28aa949e551a53e850f2ce57f6c55e676b7e55e574f0526d6cfad79969df36fc069bf3ff00ae7d59e61b37ebfe534eb194c0df9acccac9aeaa684d7b0ebbb3df38707290ad5c3419f632de1589b66b6c7ecd89cd474695f33fd6df29766336edbbfd9e26c1a8cbc9d2340cdcab56dabbb1bcd2b9fe83c925635faff7af87fb0f9bd3f40a04fe2ef058000000000000000000000000f3569a66398f20c37a3e56cf83d5e3fa5c19ec6d10ef7b9628a5d4f08d3ca2e533367cbb4c5a9f3df22d6a1cec5e5692f3dca7ca6bf1347957936a5ef916b76eed395ba2e77917d01e37dce47b67cb1f40b7bb7245df53e031b2efc3a2ec5c85a898fb262727a67660cf853481e4c67be363666d52f0f9875be0787d9fd05f1a7d7ff2576fc624e3f25e8f8d6634e89098c1cc4d71a5ceb4612ed354e93b2b88959e1d37bf7c8db77269f57fbcd3a3f9beadc14d40000000000000000000000f3e71efff001c74f1d18bb78df5bcf9f8f9545ef0ee44936d3c2e4a8f6eaa8eac9a3cabc98b74ddf22d6e1cea2b6c65e8f2b3bd1e55e4a9a6ba2b34795d35d28f7df6b34768e35b365bedfd0a269bf39fb4fd2f545c87bdf8cc7f2fdab73c3936ebcad2a5d37b6c2cc3c844459f2efb5da3d57aecd305c27b6721e1fd23af7cb7f597cb5e9fe7daee570f95eef22e47916eb961e2e63d6d8a9b0af4ce5635db6acdbb728cb3bb95c0cd67b5efbc9b219d7e99d97e5693c7e8fd50813f8bd00580000000000000000000c1fc47f5dfc7de870c6f2453e87343afdf26eb777c2455e5c453e5df11669bf4a6cf97fc4d9a64f844a64db5b1b6f218ba697e8aaa2dd372dc29a2ba29a782b6f6fd9b978fa4b9eb78f07f45c975af9a7e8cbe132ddef3bfe0a1d122ce7a66aed16e70bd0eef9744f2e79adabbf455573fd473323cefd1f78f973ea7f98fd5fcdf42c96367f670dff7db91963adcbc7df4976acc82e5c5da5723072d8ccab1a542bf3395bb16e473e429817cfa03ac7cb7f50f97ec5c1cfd80000000000000000000727f98fe99f9bbd1f360dc53d9cf8da2e59d36b976d5d2dcf8976b5914fbe467e7957936a3cf7cb5d5dbae155b91e44c1c7e6234df0b2e1cbcf5f6cc8a2d58f45ea616bcafc8bd350663e9cf957e82e5edd1bad6a38cf0ff0060fa2aec7b9ec7e354c79b06b5cfd3552c29a2aa355ba2e5136bb6af40a6fc9771d1ba9f0fde643e66fa67e69f53f3be6b92c5647b3927556eb9e7b58dc963da46950afc6b95bb4d74e7cc63b218ca571d7a35dbed94bb6eed39ed5db48b6c1f597c6ff5ff000fa39d1c7dc00000000000000000007cfdc5fb0f1cf4fc885451575560c6930afbc8bd0a6225439d6e2b7d6af29e535d28f2d5db137a6ab54b49f5479114f2d49a55c0d9ccebd1d1905172d3458936616a8b94567c11323a1f37ca1f53712ef3cd7e7ff50df77af9fbe81e8f16e44bbef5fc764abb17ab95bb776de92b12234cc9d6b64e778fafa8764e47d9b0fa08ff00367d25f3a77fc3f269b027f673e4bdb49e5b9066c399c6dda6b8df317ec48c709f8c95026b02e59f6fbec3221cdcf08b1ebc72d99faa3e4ffa5397a7ab8f3bd300000000000000000003e73e3dd13977ade3c7f21f9d3a578cca636745eb1e194c8ebf908ceb956a8565bcaa2945bbd45ad1ed5f8f37b9271f716ca55166572b5afecd016c04cc6cfaf4574d5e5e237976d443c7936f64c7908ef3bcf06fa73cef4be77ecba340f2bf58efd550f53f21972614d9e7f3c7931e45971a55f22eabc3f8fecb67ea5a5ee9b79f17e77fa23e78e9f9ee3591c6e4fb3093551539645aba98c4d7ed4da74b89371cbdc7cfc6ca2d36fdd36d83278bca63cd86c165f5fd37d8bb570dedbcf6fa44793ea80000000000000000028ae02bf2d725dfb9dfb3e5c5bd17dd76ca4197126b6962ec68bf6eab57398bc861eb9e6e4e0f2b35916ebf2691e24c86d6cf94db693a7e1e5b3cb5145c6781859ed729d192f6ddc99a23cab165af44ae5bb9113feb2f933b9e4deb887d1bc7fc1fd43a0ee1c23ba74789227e3721d9f20f0b16eaa62759e37b6637cdfd43ae646ddcf4bf35b7f3d7d0df3db9f8764b1793efc66bcaadcb7ee439d15c65cf4d65cbb3772ce9c5e4717368aa7cb6fb0e43174579a2e16f469e9d8bb4f0aee1857e991e47a8000000000000000000c1e73409cfe67d1b6fd57daf2f1766741b744b938bd8a6babd193c4d35995c1be4d998e976a63b2982989d96e6367db9edc39d126f0ec4a8ad2a9706f272f231d358dcc1e7e1c4e06762b20daedabb4cc46f2e5b4aaa7d46477be7f9267f636af3b27e47b5f3577ae656bccfd5bbce570b9bf63f20a2aa3cb628b7f4ccbd2e5bd27927d0dc9f7936ba2bf57f2ea3e7cfa07e7eadb8564f1993ecc277a5b9a89d13daaff972e456ba9ed56b1595c55af07db75df6cee1a7606b16aed9c8574bbd5b97f44a63f637be7be2fa80900000000000000001ca7aaf05d31e2583cae33d8f3a0e3f2d8f9e8859cc15e46c380d9a2b2d3bd9f073e9bb261d72aedad44e5b33ace5b6cb291eba6d945873e146b6d4f99de6ccc54ad2993f63dd9cf190b37af575caacdc97962f5a3c05dc962a64d3bff53f9dfe93e1db5ee01f4df1cf2bf4cd8babfcb9f4b5fcf9be7b6fbbe23ce31d638079df779aef1a5ee9d5e346ae9f3afe628f9ffbff00cf4b712c9e2f23d99e46ab75db9fca2ba512a76272d9d29aaddc88b38aca626d7835d155f7bf80cc6071b646563b2178c9743d1f75cf9bec5aa9abc5f601200000000000000003e71fa3be55db9b9be3a7e3bd8e2a61cd8f3b61ecce814be6f3da56d16c2cebfb7e026709528c3a6bb4a626f4ec6dfb5760bb8e9fbf3d1125449bd8a2e5bcef5498b72593bf025da9563b21693859d8d9b45df14deb4f9ed2b7b223dc88da3eb2f8d7e8ac9d0634b9de7fa7f2bf67d5755f33f5ff00a8a355e7a9f906038f6fb90e0fb7dae74591ea7e7f6e9f7cd39ecfcebf457cd75d791642064bbb295769f6dcd729aaaacd13e24aa6545db15c4558acbe36da62a9aed5b7a31390c663adedbf01b64e35ecfa5ed8cfed2f68afc4f580000000000000000023fc8df5afc7bd1c5ab62f278af5b1bbe5b91338ec56771b16c74e82cb5dd22e273bb736a91f65c265b45b77ac67af97a35eac64b25859dd394fb06911adddb75b79ef8a4c8978f957ace59f650f1d99c452d296ebbd5e7a4d372dd44de8fcd32f19fd99131d2fcfeb85f367d6ff003b79dfa6f5ad9783f71cfc9d23a56b9b37778b66e796fa3c3f69aa8db1a3e62fa6be5cc6fcdb3186cc77e337cbde5b929aa9f6b376ed2ad2d5eb77e08d2ed5adafc6c8c2b6f0fda19eb9a62ad5b39fb96a7b7c53ecdcaea5b6f87e8846800000000000000006aff277d3ff002a7679f8ec6cf89e8e70e4dbaacae0e4e2da7011b3189e7dfdca61ee4b70818fcdeb86b90b63c3535c657ed1cda4c970a46f599559b9b53db755359a3da3dadabbb1ee5a26551ef5ab558bf4d670f3a25daaff009ef9a4017a7e3264d3e81ea3f34fd3fc3bfba7ec92f9fd5f953e8fe5980f1bf58eb3d138e767f5ff0039b7126c1dbe7af5ab9637c23fca9f537c95969aa6571593eec72f4d154f279e09974571e99dd976a5c2cd32698ae1711b1e0f4e8c158aa9c3aaee4f1f92d2b3b71d7f6670fd19d238ff0060f1fd50cf7000000000000000039afcbfd7b9077f978fb3edaed23551b44fb9072a63311b1c45f5ba721071d7c9d8ff0028dab190721ae7868726273ed3af59b9649bd1efef9dca6a5967cf68aab788d2f5f8d5de92bdb17662ce3b2706893ec593681e4bdbd1eb32ff005bfc7df42e35e9195c5cfe1edc3697d331fcbef63b72873fa7ccf31d9081af0dd8b26069489f1efd79f19e5a47c9e2b2be873e42e51eb9aaf69ae295c7b91a672b90c464699c8f29aab11b5eda7036be8b557229e85f951f27be39bda75ada72e2ea3dd3e73fa33ccf5039fa80000000000000000f9679def7a1fa3e4e2f1f95c6f6df1de5cb737aa7636a96cf671d966713179fb48d5636d51e9b6ab26540cf4bb8ac8e3b3b4db962f26fddb1736ce43cf663cb75d168ae9f0b5daad571173da2abc7be1118e9d62dd2d39e7ba5555225751e4d9cad7ec6b716bf3faf318f9fee57f27c39b6ce8c764e06d1ee2b278a20fc57f627c69169793c5e4fbf9b27ed3ecf3abb54a30d8e8ec3a66de87726b2bc8eb4cff62cf9a6126dfa26dee46c5eb5763d831595cb8776fa4be59fa83cef52f8e5ed0000000000000005354747c91a6e4711eaf97ec696dab8b8f97b7a4e0ede5e24eb126c7f259ff7173631aa9ae0c4ddd7ee40a6f1e1c88b86f26444930bd72d5dd6972aa5a57da48abda50aebb5ecaf7b6eb9b5c52b4538fc8c1ca67578ec85e3d178f66c190afd23d0781f7fe1e89bec7d4f9bd3d8b61f94be8be5fa3dae24ea3bfe171587c8e3277e7ff2f776e157893918190eee79b722df9c2a8590c45271563257b3df0fee73c98c4d592a2629abcc7566abb879d17cdc9c7e5f6c36a991efe5c599faa7e47faa387bf3838fd100000000000000044970d5f8975dce607dbf3e6c8c4642d9dcabcaed9d8b33224de2dabb0dad7e418f5bcdc55cbb59c7f992b195a1479f0a96aef47909bd72cd778bfed1569984400f7cf6572ba2bb59ed15ccfb66f5bad71793896a96cbadd7b57db96fd98cefd69f1bfd11cf3d2204a99c1eb7cebdc756def2fb4d97d8eeefce71b8ec9e2ab6f9a79bec7afed12e7c2c8f573534dcb53591afe4b194d3cf6ba6b6f7df533e2a4cf9027e3a84e8d2d37b69d7771bf1cebd1ade7cb93fa87e52fa378fafa58e1f580000000000000010a6ebaafc6186c9e33dcf3a3c98be68cbde81719ddc7588ad3d8def91a514d54d2dee4605fb465e1557af9e1b1b9ec3f3eb025c49796b5574d73377db75ed956f111ebc151e176aa7db5aaaa9aad5f69aedca3c1c944c2644ac3e56eb9ef956b4afa872eca523ebbc960f39c1d722bafcdb1a6ab5629377113f114b7c69629bdd759395c7cfdf96bb77a3ce784a6baa3aa8f6b429f6e7b31695530b1025c5c2f76458bf78cbecb869f7e391162786cddcb80f4ce67d3aa6af2bd90000000000000006a3b76a735f8be3dfa7d9f371f44c8dacddb15f968c7d376dc6b47b72e44d84af66215b970aab92215fb2462f211a93839162f73eb76bb75a2e5cb57748f45e05254a2a2e5cb3722f77da2bb52af2a5ab6ac4ab356366da8b8e99df6d5ce8caaae8a623e97e9bf3ce7799dfe8e29d0a69b5c7e5f8a5fa9e85469196fc324c793d349b90c7cfdb0b987cd6b68a8f5afb7d70a5729846b17e191ad79ef3e9226c1c8eb4ce5b8ad30bb22ce4e2b7f6cd773b8e1f5e4b813fc6f701600000000000001ab6d3a9abf17dbaacfb7e65d8b26dde606531d93b56263f60c64da0d6a1a5fbd1ae44488b36e4d3014666045e3dbbf6a2f80bd4fbc9addae9f662e554d762bb577485b20294de515cd6bbd1af2d7aab5eda9729f04785928b9cdaca60b270bf16b8b31f43e5b6fea9cb97cbbd1ba06bfabe69cb6e5c93d1e5ccc5c6e1787bf1b3634cd57e6c797a610b174fb5d2ed54d569bf72cfa5fb76eda2dc6bd16978572cdfe7bdec8409dd19cf93ee4edcf4656a999f37992b3918afd23b3733e99e47b814d400000000000006a3b769cafc5362f44f6b82f5cc7d57ac8c8e2b233136c48f2f86122673151d115ed2d254cc4c9464a279e338b1a5c58d70d4d74726d76aa3d95ef69f65eddb7734a85a29b776d52d55cb5ea2e554ad123da2a99a82145cf0c6d99f8fc6f918d6eea3ecceb1c83aff001531f7ad5db7451aeec189d39784f00eff00c0b4d6ecc8d2faf39b6aee2ad487557e526e7af2f6abca688574daf21ec6bb1b3b5bbd45795eee471d90df2d83358bcab8265e817eb9e4676166c4764ec5f2b7d45e77b12073f500000000000000d2f74d36b5f8a624ab3edf043b77ec6cab2385aa2370af17939e7b71a47969c343cfe3a36c7d5e50d25571a4b3b713210e27096ef47e6defa9a8bbed352d5d76ebd2be8b4796aba296554a1796abb45cb967d9891ed1eccd4f3d2dc395628837fcb594fd8bd938bf6ae4cb097e544be90bc970f48f9d38dee9a6f45af4d8d377ced636edb3d79eccf8f28a3da1e56b49e9e409f8ca697ee5abb16aeec7f6d1b264b4bbf6e7d9eeead7ed5dc339a46e14e6da7ea7f97bea1f3fbe50e5ee000000000fffc40035100001030303030303020505010101000001000203040511061221101331142022073260234015243033412534354250162670ffda0008010100010502ff00fba6e1f90cd3b29d979d6a69dd36abafedd3555d2aaaa3bd565339fab1f12a7d4b198282f90dc67fc69ce0c173d4f0d136e7a9ea2e0a6ac99ef96b1c5d4377aaf511de1fdd65cdf5f2dd6b5d24b4d533e9f1a775049724246977e2ce958c525ca9d8cbc6a492a5f5b5ec0a5a9714d1e9a36cdc1716b227fe9db9e5f255d43a7aecf61f0de03a5d2d746c9582e54c535c1e3f127bdb1b6b753be4335daa6a5d2cef2dacad742ca7df24933594c9f3c9552c7912cbf2786ec6d0cbe9e1ef359513cd2d4881c6167af707d3d74d4eca4d675346ca2fa8513db1eb9a795d4977a6ab6039fc3aa6a194d15cefb5b79ab74dc4f558351312dc7a89496c22ab7bdf1376421db1b0e008ff005d07195d2c9152035ce90f75f286cdd933d539f3c950e7182ac53b292eee54974e2cd7e7b1452b6667e19ab2a8d449555ad869ea251494d1cc4be69f2d96a3b6c96a8989f53de35137c1cfc87bf813f6e09ab5ee3b8aa78f87491b5af9f79dd84dcc8ef0639c44a0af95535db2b4fdc6a14127761fc28f0b51c85f76dec7c95d39aa9649713ce5543b2653c47c2925e3b898fc977284190d88ee9245bc93b8e771549260ba76ef6cd850e5ea9a46c62df5e169fadef41f8554c82286f136eac6bb7ba097f4fb4e2f9a4e5df225b94d8ce7b45c8d3b826c45ada480cc69a8835d5169648c1a71c554581ec0cb3c8a5b6b9a5f4ee6a0cdaa3976065487913301a7b860da2e72466dd582b29bf09d5f72308b8549de66c28e6da77b83de5c4c546e72a7b5ee78b3b5c1b646802d1194fb5b30cb7ec51c1830d3e136209f4e1c9d4611a0054f68122adb110aaa81f1bb616950d4ba056ebdcb19d2d5e5b53f84eb3abd9749a4ee19e50a9a9e594c34124aa1d3ee51daf01b6fc28e9b6aeda31a3121126c2101841616d5b576f29f4f95556c6caaed627354d0ba14c70cd2cae845beab753d0540aaa3fc235dc7fead2c64aa0a0ef3e8e9b2da7a111a6c6b6e163ae32b6e3a78e8165043a616dca96943d5fac2278ea684c325047ba2b053b245a55860a1fc235d1ee5dcc4c06c56fdcd8e06b106a2894e72c1e995b967a05940f4694d2b3d00ca9210f1a8ad662a9bad288a9b48c5deab861117e13af293b35cc6fcecb86c40229c8ac2256095b0ad8b62d8b0b684074016100b6a6f082bdd0fa882e7038ad2837558f1f839381aaee06b2afee75a67f846fca2ef66d5b506ac2c2c2c203a8410e81302999bd97580472692f8deff0008ba547a5a2b9ced9268cfcad9261b049c6eea3a67a6567ae565029a5043c20790bfc5c22dcdd32cdb78fc23541c59ea49ee721d432002340a07a1e84e11982eeadeb7adeb72de8cc8d63234fbed2c48ea8a203ffa6a52a0bd42f7d3d43656ede2b80dfa7599adfc22e34feaa92ba130d6378548d2d3072c09a389eb62854b7ea76a9b56534626d58d70835107b9977639d157b1e44f94d98274c13ea30a6b9069b8dd4b84ce9a631534d2a86dcecc2453bedd7b86154575a6a88eb5f19a8d36c065fc275a5b5d4378819b8c5092201f16b55caed0d232e174f54659095b18562209862069dcddcc7963e1aacb5b51f232735131c5754c74e8dd9af34b495d7071d29585d1e8673d7ff05c3f43c8abec570b40fe23560fd2bafaa9eb7f09fa81426414f4dcc63027af8ad74b55f5120c55deaa6b1f15a6b6b13349c8e5ff00c9c2d4ed374c14f6085899a6cb61edd4c2da2bd35a64d4b046effeb00551aa58f868ad725ddd88289b69aeee4efa774d244c9016ba58817890f6bd432f147e82e3f4fecb150d93f09d514dea2d70c7813d56d7dd6cf555543551be1934cd9bd7b9d4e635e96570a8a56422aae1451a92e4d90d1cff00ca48f0f76a1a210ad3ba6df7a2341d116ea2b0bac5536ba7ff0047bae629acf1bfb95958f63e9e5aadd6ed44e8889a1a87d3609d5345ea752e9984c164c7e1359177a9afd5dfc2596c8eaa47ed3dad576f0f83473c36df595ed8949a943d954ef5514d4ee6ab546dee4b2ed8e95ae90ea97629f47e21b477f62d75336aa9f49547acb45dada64aa822c0f46d50c66234965eebe0d3f1e29e83b6bb22af5f52b04717e138cafa83001554b4db2278e2e341ea29746c7dc8ea6cf14a1f64a66275be36aa883e113b63985f22a3a35aa5fdca8d374ce651f672354d91d2d37d3c7fea56db44aa6b3ed228656286091aea363b107c431eb4943ebb53533f23f0ad714667b8c63e479463c8a369b1ea89a0dc9f4392fa0389edbb9905a407b28c34866c6be1fe33a829e9453c6d6a30b656dda95da56f74f50cafa77c21c4d10428b6a8d9811057cb936d56bd136f347687c8638e0bc0ee03b87e0f72bcfa67c956ca891a3f53cadbc6b2b695493b6b295cc09d1a74195db0d59579b98b7d0691b33e956709b2a864cabc5a22bc525189b49b9b3b641bd028372aa6b20a08df04dacab29da218abdfb68e9ee92b2b6d33fa8a4fc1bfc6adaf968e7b756cfbe925de9879dca763678e92a6a34c55453c550d453f8171bcd35032cf4f35fea67a86c63d56536a70a2abe5b55c4820ba455f4755a7eaa3bbde32cb85ea431c776a86c5a5a9e57d344ca78d8ec2907760ada775356699cff0dfc1f5a5477ae56bb47f294ce64750d760ef44aa9899531fff003d14327a3ae6274570555473bc456da78e5756b69696bf564b1c96fd54caa93d4aa8b87a585faaab6a959ee15024bb3fd59c3a1753bc910484363913244c72ee6c8ef36f6d6bed507a7a2fc1f58d983ae13d60a482d0f92a2e80adcb29eec2253dc4a2ce6a199429554546d8f6c1566934f451bbb53b147197afe114956ca1b3cf4d3368f8aaa7503b889ea377113931dc4aefe5acd4c2a9a0607e0f7ea66c905c325d64898da66bbe5945c89ca7045a9c16ddef108026a5648bd1414e4cc55264aaaf818a473453553b2c78709a26bdb5111a79219147228dd94cf046e86c94dd877e11756eea3abb719152b0d2adc43b28b9129e7005cde6a9efe22184e9154d46c67aa333a9c991d0706adb950353e0c28a47317789151faa1bf0313b887c30e147f26db07c3f08a86ef85cc1189a1612e90e5926f6b8a2e44e51a76e49daeee39c76a9220f0283260a36b1320684ea6dc76c3026cf4d229295a576b6a2d52e3bb1b143e19e37e0da0e61fc21ff0064b93349cab8bb68b7d573bf28ae54a76b5addc87c56e0e45d1c0cafbeb614fbe4ae31dfa4611aa5f89ef52541f5d54c75a75310a6bb43db82b5b3a7b4131b7f4e9f011903441e2d0310fe1376a3746e9e6d82e151992393b0e8eb810d7e5348551f701f1ab95cc636e55a64f4b73b8aa6d36c626db29da9f67a6788f4ec3ba9add4f0a6c14e43ecf4332a9d2d4b228a8050a604ce2374fb43ea773ac9462add144d899f84b98d7892c74729d6b61869adaf90089d23e330dc4b84351f1cef2461a22dea1a76c68bb6a73b29cfda8d4142a1e531ee718f299b93738aa8c1111dae6152bf74b1b79d30d1dbfc32e54c2aa8eae274134afdf0d1c9b4c35bf3a29f70ef664811194e6a73548837081e633954a725be3fc4dca93fb8d7e1d3c5ba571dc349b48a1fc37ea15a3d2a64888da992ed36b9b989c32d4c726f99189d12961dc9949cd352e1430613634e6f150769986f4f976a7cee9e3b551b9ea8a0f4f4df86ea6a0f5f6b7b0c6f7f0479a2976aa2a82f313b728c72d6a0148d5db41b85084d2130a9301559dce964e6e437d0daa500698a632d47e1c4656bbb77a5bbeee7fed4fe6927c3edf3873d92b7731fc35e8ca9d271dc0089c619382bb8a4994e773ea5fb46edd4963b5beb6ef4146da3a7fc3f52c3fc49d59412d2c8e3cc6798e6ecaa39b0ca4acdce8ab03899b0592fc9f2a7cdcf78e629386d4ed6cd5a0492cb975554465514e2ae3d2768f4543f87b8e1b5a32eb8d309a3afb73e9dd1f0b7e53a63b60a8ecc16eabdb21af05f1d60c1a9f809f739938dadaa09f738f73a733c8266b1ae63eb6e3a1f4f98980607e1f71ab6c30cbe6762aea413b2aad4e89e6231addc997739b31069e70e1eaf8ef8ed1a820b2b0a6d716aa89bb8f6d7c70434d1d45c24b1d99b4adb2e052fe1eeab8dada6bd9bca7a97952354f4f955f47f17d3398b1f2513cb1f8ca7c8b7972dc73102d05a550582a2b1f6bb5328a28c2b5cdda4d7078fc31ce0c170d5b1beaa03dda5652c769ad7a9138295aa48b22a29039925ad4b4ae6231bc205c9fc28dae50534932a6b34b23adb63640c86111001448557a614756086bb70fc2f5a6a06dae834dc8676d967eed05f6ca6791b3ee4f3c393daa46e5ae84a310c360666a291a5bfc337bd968634c56c8b74546d54b088d40382826857076d8edd5c63751cb9fc2ef7a829ecf06a2be4976aad2953db9f4ad58db9573b0190efda77653d11cb827839109cec257676a6c7b8c70f2c8d44c50b56de8d2aeaec3207f36e937463c7e1179bdc16883505fa5bb563dcadb53e9abadb5de8abbcb72ae96565689e0968e4df94514e66e5d82108d3a2ca645841a7313544c4c6e0740aed2f347cbad3929be3f07bddee2b3536a3d4935eeb1ceca2567062a81510582e42e142b2ab28a3ad8ee16496856ef600b620c4d6a8828b859cacaca925c2b954feadb7f55f6e8fb6adf7b86a6a7f07fa9b75ee573a4cf428ab255f1a5ee268eababda246dc34eb4a7c4f85e9a161616d41314411e117a748aa27577a8e74cd31f4344df9ddafb35a756698d4f0df293f049a7640dd49f5062a2572b94972abcf28f486530cb14db5d43542787a955f6b8eb995b6d9289c1b8402c2dab6a8c2670894e72966daaaea30adb6a75e2b68a99b1b29061baadd9d45a7afb2da2a2d95edb951fe00480abefd4b6f174fa90186efab2b2e06a6673dc4f5cf5b04fdf8f4d5c0cb131fbbdb514ecaa8ebacafa541b840203a30f20a2f5249853ceaa67324961a1f4746c6ed8e0186eb5a09292f913b69fa71a976bbff007a69d9036edad20a1572d735954ab2e12d4b9d2291c9eee7ae56535b854d50ea49e947a6969e4ca1ec0bc8afb235c0c262384784d5bf08bb2aa26c2a999582de2a67a480e239a273dbc36fb450dfa9a488d3cf6bad7d1d4e9ed50cb9c3e7ff006eaabe1a46dd75cb60574d55555ee92a4bcba52517a2e53bd11ec2991af3d344ddbbeca397e51bb2163d81d855b0d3d4a92cd9155492d32070a8e9bd63c59a14fb1523d3f4bd0b8d2c34f6a8aa2b659517398eb654fa8a5a673a9af1ac6c5d89a08726cf717d3be835d4d472526a2a1ac41c1c3ff54aaab8c34acbbeb32d6dc2f95156a499ce4e722e45d947a54b1c5770b5094207a363c7b286add4357533f6d50d536a631cfb6797634649c616fdcdaab4c520b7519a6a77656f213e629c4b914f0acf3ec6def14f79ad89951043c3e38db3091deae186e12c0eb7eb1afa136bfa870549a6b953d58ffd2a9ae8a99979d67b056deea2a93e5253df84e765128fb36829d0b5c9f46d4e81ed51c7b5bd3088442d2b5ffc46d166ba3e86aa270705858e667889864323985128e57fda466416291b818ca2114f0adf2ec9357425aab1bdcb7c5f731ca9a6f95c68bb45933d89b207aa5ba5452be875e5ca9dd6efa8304aa8af7475c01cff00e6d557c54acbaeae735b5d79a9aa4f9325ee4e7a2f28944fb30b0b1d1c7dfa66bdd4176bed2fa6a9d317d7c8ef230bc2ae9cc8f0e4d28396e47c81963d814acf8b827228a6fc64b8c1ebed1463bb678f89635bb0a09c5532e348ea1904cedcd7972dc84a41a6af96175b758d7d34966d5305c9039ffc9aab8c74cdadd4b22adbb4b399a7ca9254e7a73d13d4fb0ace117a273ef29a7b6fa69c5eb4ec131a696d55c2be9556cdb5ac384610e4c690b6f46f2fc7c5ca6e187945a8b516aede5964aa6d4b1b49e9a391bb2b18308b531c622f985744eb6f61636f50e4c9153d4b98fd3fabe589d49571d647ff008b517082945d759b5a6a2f8f9d4956e7074aa49328bd172cfb0fb1eec0126ffe9e8bb9762baba9cd3d468fb818ab677ec61f9bbb7b96d31907782c4e0a91bba6722a7f1b516a2c458b67c2df5aea3ba5700f82e2365d23f09cd59d85b5194e6b1c9d0945653130a824c2b35ee7a27daaf115c63ffc3bedd1b6ea7acb94d5723c952951cc58e794e2b3edc74c7570ca23649fd286430cf5e3d7dbe9a73054d355fae8035008b772737b6e63b727b5513393caf0a5f93b6adab6aeda93e10ceefd5b3bfbb6abeb365e232827279c343d364425e636c7329a230c8cf213143290a82b9f4eeb1ea2eea63c3c7fe0eb1b919ab329f51b9dfe1e1472e138e7a858f691d6666447fd1c22b4755faba3a984d3cfa4eb889f62c74737721f07c9e298623584f1f3dab0b08355d3e1472b72fa76ecb7ea86ecbd469a8a727d3f0252d424503fe55c731469ad4384d773148a19c856ad432d1aa6d474933629d93b7f7d5d276a92b2a3bb53513f01d841c9ca4184df904065611585b7da5109e364a39f6e3dba7aafd1ddb5253663a29cd2d451548aba7447470caffac6df806ac29061fd319585a81fb68e28bb9552336c5ac998bb3533c2289c12d0f125260c0306a398214070e4135c98f4c9953cc336fbb3ecd74a2a81554dfbdbd1db6c91f9779ea0f48f87ede7a9e985b56d4474214ccdc2128ff45a769b3d40bbd9a688c33690afdb20e8427709a99fdb0e520c2906eead1d3523d5aa0eedc6a02d72cff516a6f8e92f96b96ec868e67fecd285b7893eeca626959c28a5570fed689b977693f7bacaafd2da4b56139a8f591bf18cee6ac743ee21108b53c6c78195b5611f705a22b8c770d4b47b5504fe92a696613c211457fd80cc6c936a79ca684463a313f857a937556998b754cc16be18ae6786143a3fac5f754ff6a9420d537929850e83cd41cd168fa9ed3987737f79f50ffe29e30b088e1dd472a3fd29023fd0da9ed442a88f22377523dc150541a5ac9da2e56b90769fa46bfbacf08729c1787347c4a287065fb9314cec2b8bb355a5d98a4996bfff0074c2987a04f4e5b942ef94dcc34be3fc4e8a6a69e9fe643fcae9d9310db5dba87f79f501edf4120c93e4a3d59e671f18dfb9bef1d4b53c278d920f0884463dcde168baff005143a8e8bb33d96b3d157b1c268c27721de63e633d0a7f48d563f02acfceccceddba45f507fdc46988743e1e8a87eef31520e0f898f0e2a34c1d0a94ff002b6576d6595e24b67ef35f4ce358784e3f229eb281e806e6b476dfed3d015b979e8e0aa23513b8e87dcc3ce8daaf4d7abd527a8a2734b5da4ee3ea299c309be250a1fed9ebe5a9aae93ec64df37518d94722fa843f5d89a82ca2a44e507dcc196d3709ce5294ef31bb988f07a54bb14b693fa1a366ef597f79af3fe4a4e17929fc273935e98e51b866a072d767da7c940a053504429189df0941c8e8e1ed1e696730cd6faa65c6dda8283d2cf63ad1435e1e2560e0c9c880fe99e842082078becca85bdfa8030d917d431f3626a056794f09c147c188f110c02787a72679a629e8955cfc436d7621d0756c341fbcd72e0eba54bb8dc8bb21fe3fca63935c9a3b8c6fc0b5d9f610bc2283935cb3c27372aaa2509c8f784d5a0abf7b2f545eae90b4b1da5ee3eaa9b1824e5b4a7e07a84efbf3fa77a9b351a7a1ee5427afa88a329bd079520e1c14614299e13ca250f349e1fe243835cfdcea37e23fa76fcdc3f79a9a5335e6aa4c1ee20ec97783e5670848a09f06ac6131d943d8e456535c9aee022a66820e629473d5dd0f40815a4eb7d1dea45a8e80d2cf60aef435e1e1ed0a9fc9e850528f9cc76435b2f7aab4e4063a54f5f517c46a3ea13b90f0a30a3f211f1222503cd2f29de2a38321ee4b17c47d39ff007ffbb73b6b6f72776e952ecbf720e5e43fa6104d1932445d4f14b84c7e50eae45140a6b931cb29c155c2a177521118f63542f31bacd582e56bbb51faea17e633a66e1eb28ffcc07e67d920cabe558a6a387f55d411f6295397d47fb1a530a1d1a7a4898983809fe2429c7969e690a7c9c553d45cbe36f1f4dcff003dfbbad3b696b643be5f256ee58ec8956e41d9e8d3830546e52b4c32c5226bf28229c9c51e8d298530a2a56e53c76de0e47477b1a98be9fd76e446d7ea5b61a4a9d3b71f4359bb708bfb9ec7fd9aa2b77d4d8a8fd4568e023e3ea47d8147d5be78db28e1be0785278911f23cd378a89b6a9a4dca3384d978fa687f9dfddde67105beb8e43d3dbd217733b321c3083b043fa4590eae1ba1639452a63b3d1e9c8f40530a6940a7372aaa150c9c74c7b07962d295c282f138dccbe519afb712627e9cb87aea169fd4ea555ce21a7af9fd4d5e99a4edd20ebf523fb6146bfc748cf123535abc05278913937cd39e2b1ffaae720c2546d2b44d4fa6b80f1fbad66fdb68aafb1e139a8f967dcd6ef64f1611f21d841e9b26d426dedfb5f1b9452743e1e9dd5a531e8396ee256ee0e1db78771d1dec63931db0d86bbf885a63c09351dafd155e9cbaff000cabde1cbcfb352d5f6a922397d0d3fa6a01d7ea3ff6828d0eac3c9e501d64f122ff002d51bf6b25937bd83716701ab4ab7fd4bf77af2ab6d0d514e09c13c2f0a924c8962044d0e11e102814c2a5f2d3cc4f51bf703e0a7f50535c992701e895510ee6c52207a3bc7561c163b72fa7d57bc4a30af36f174a196331c9a62e9eaa06fd9d1eec2d5755ddaad3141eb2b8ff006d65397d47fed35310eb9c169cac2ffb27a93a3548ec464f31703b89830cd347fd41bf6feebea0bff99a94510a409ca1936be376f6cb0870960d888416579098ec286459cf472779e80a639379e8e191233b6f639653bd814679d2157e8eef3372da63ceafb58a1abb5d71a0aba19854d29478523d5e6732dc34d50fa2b7796742bea41e1a989a7a6138288f31affb27a97a34f339fd3ca0e54d1f724963d874bf3751e3f75ae6a44d72a8eaf09ed4152cb825b915316448ce1656514d2a37a63ba3939159413530f42a78f2227f3ee8ce0d1cfda96df542b6833b24be5b85d682688c32e88b9f76129caeb37a6a5b4d03ae973fed21cb33d1cbea3bbf5428d0ea428b82d3840aca7f8911e3a549f80082b5479559c3f4a3bfd6478fdd6a939bc541eae09e11e146fda69e7dc1e373668f6a70c742b28261c28dfd1c9c8ac740534a0784f6e548dd8e61e3cfb4289cb41d7f7e9670a95fb9bad2de292a6c9707505753bfd444f6ec1aa6a314da5680414337063fb7a397d4577f36144163a0e8c0bfe8823e256a9063a551f8054f4ddd50014c2a27ee3f4abb17569cb7f7333b645769fbd5b51e777429ed4f6e165432ed313f7b6a599123483d0a0534a614c390538743c7405029a7acccdca276d3ed6a62d1f71343769b96d33b6bb52dbc57d03dbdb7e8db97aab654499573a5370b84110823982891e857d43766e2d510e9840746293fb610e9270a4e4a946e4da60a988895554288ee563718e7b64bdfa1fdcd51c53579cd44e9c815e53948d4503854f316107b8d9a1c87c784423d02694c930b765651447509a5072dc9c32a46ed2c391ed62a57f6e4b1d77f12b5fd927f762d536e1435ba52e2ea5acf9156edb25717732f2c853fee4f5f501d9bb314680f63029f84163a4838919824298ed4c9d7717323837b6cb58dadd312996cff00b9d455069ad93bb2e953ba353989ed0a41d01c2a7a820b4f704d16548cc2704534a6a6f8cf428fb01f648dc88ddb5ded695195f4eeb3732a461523f23535b456c1f2a59ecf716d45a74a557aba8c613c7c23f2ff002a42b5c3f7ded8a35fe3ab14a72f0805844299a9eaa794d5954ed0030771f4df16e8aa9ee5bbf73ac5db6d13bb05e7288584d3d1e14cce08e80e143505898e12b678d3da9edc261e426940f53ec08143a1f1333698ddb87b02615a52b8d15d67f9369ce1d56cdcdd5b6d14f5345787d250e837fcfca3e19e64e9215ab9fbef8df117b59e73f262685b516a999c4edc29ddf30a31b9de152460369dbf1d0878fdceb99836d7379774721e5ae4e6a7372d963c2c758aa0b0897bcd99b832a6f96a0503fd008159e920c867c1fed6954f298df63acfe2169fb5ff00dc8aed6c172b753690a7edd92c2cb54dd070e93ecca94f1a865eede19ca8d0ea1676b5a788901d30a56f1523897978518da221bdd104c6e1ba32a3b753fb9d6d5ce92be64e4e29cf5b90772cc383d89f1644909088e99e6298b497f75b36410796a05043a943d816e5947c4cde237e7d984147e7e9dd4efa79b834eec87fc58a94f0b08ff71df612a62ae8fdd72614c43ab7ccc7f4c3c6237809b2841e16e0511955adc3642a18f8500e287e5205a59d8b97ee7563b37a97ccaa42b7740545260b5dbc16e1399b849027449cc5e0b24da67f98ff0020f0821eeff3ed3c8cec901f604c2b44577a4bad4b553bb93f7184ee85bb0944e149fdcffa93cd47db52edf52c51a1d479aeaa3ddf5122134c84b3aeed42ef5426d454a99d51db64792784c66537e2db737f4e35a77e3721fb9d50fcdf253f29148d45bd73851c982d70702d442318cc900225836ac61653fee6a1d0143dd9e83d9337889ded0550ce609a8ea4575be3e1ee3f16fdabfc614e30e6271f95d25ed51f9735310f0bc27bf631cf91ce1dc43bab6cab6ccb64c9bdc09b3b9ed70402627154a36c31ab74bd9a985dba2fdb9381a8a6df7871ca2329cd4634588b163a45226bf7228ac27b7709d984e4f4d282cf41cace167a67ae7da57daf69c8f64679d055667b7b861cd396771b1b67bdd1c0a9a4151080aa5bc46554712eaea8ed5a004d4c4d3d6adae742f8a50b64ab64ab64ab64a853ce5474554f55f4935bd8d9f86c9cc5ca68dd2c5f633cd31c3a90e697f6f39c43727ff380a0bca2d58463458b6f48dd841fd269c303ea9492ee453937c37ab51f3ed0b3ec72907103f9f64679d0b5de9ae93a80fe9ea868fe1f2e76e9593bb64ca78dcc61c1ace24d7f3eda3082620502b3c492625352edcdac7af58f5eadebd6489d552390a972ad90c89aa309bc3681b9733c0513fe56593bb6cfdbd57fb7b89fe6b71099267ae161382da8b5785ddc27cf94f39ea53d350e83fa2df6b9636bd8ecfb1aa86634f5304c2ae8e03857487bf6e2de3483ff00d1ff00c028f125c381aea7ee57051a6f4caced613bdd8f7614dcb98d4d1d2859b583c6546fc2d32edf67fdbd5ffb6b8bb352e41c9aeea5129cfe1d223222e5e508b28c0422c29c13c269410fe90f6b8290710bf041f635cb41d6fa9b7378708fbcc9748b24a8b45b596b80141fcc83e772e60d49377af002626858c2c29dd88c75c2c2c743e0fddfe18a1e5f10e01c274bcc3cad153efa1fdbd67fb5adff0074fe8c720ecaca7ca027ce9f2271e850511580e4f8d48c52a626f41fd11d47429c13c6d513f701d5a5685ae14b74771240b825d80015bb089cab87c696bdddcaf0a309a8845b812bb7bf0b0b1ed93c043c35523325aec07cabb9cd33b2dd11541b27edeff37a7b54cedd2bbcbbc8298e45d8123d145158585840e132445d94f0a76a626ff473d01ea3a94f6e54676b81cf4c26aa0a8f4b550ce2a69e986e6b58b6828b5c9eec263b2af3288adae3ba46a626f49ced8c7b36ac23d25770d41346552376b5cee0b930aa73b46949c47720723f6daabfe09df7108b501d247a3d70b0b088e81c814e538e1a8741fd11ec08a28a7850499f67f9d1b57eaac742504c8f6a0309cc0533876b6ac14d6609a9a9bca3c09a5de7a8eae4e2a529a828546edad7bf25302895ae57453d29dd4dfb6d5233627fde5108f473328b70884020d5b56d4e6221043a4c38ff0023a0f76567ae7db84548d4d776ded76e1d37615155cb45a5e92aaef1c549aaae0cac93504719baeba65bd37ea7d22b36b0a5bc567d46abfd309a9aa2f353f16f9ea3a94e4e4f3cb53542b2bca63531898c547c49427349fb6d4fff0006ff002b09e101c81952468b537a85dbca92038311080c7497c63e43a0ea3fa19e83a94e0a40a0970539d844ad3addda765a89606d3d6305f4dfac8f5ac2a69eaae96da2b5d45bf4a6c8b54eb9abf517b62684028fcd6cd940746f943a14e4e47cb50512c65358547126469ac50b083a7ea44f6efdb6a9ff0082279dfd1e8f98c7059c3d98478e9b907a6bd794f8d3998e8f4efbfde56163a03d47b4a7847e2639370722be98b01d30e8dae557434f23aab46dbab05d3e994921bc697b8d9568e7ecbc5e6a3d4ddd8989a17da247ee903ba0f2b72de8bd393ce00e504d51a8db951c6a38d009a13385a3a42e8ff6daaffe05e7e44a126117e7a42784f6e448c47a6535e9af448c3d10a4f127dffd31d47b9c32a56a8ddb1c5db915f4c0e74baa90a3fb1cae3b5e6f9a7e0b555bcee95a9a1315449b5a821d495944aca97c37a3546153b7218308746a0e5a32ad8c3fb6d5a71617f92b283d65407a613e34f6611e83841cb761128a7f897eef68f63ba8f3d07ba409e131fd3e959fff0032a7392ce18ee55633bacd6824a6a60134208295fdc7e163a656515947a4a8740546e54a385bc05bc14d9131d956b9df054c07743fb5d5ff00f00e451e81ea0910e87952440a922c2231d0140a29c9ea7f23a8e83d87a8eb940fb4a7b57da41c8fa54eff00f37bd3e9647cbda998d74750d2e2ed9f50eaf3304d4d0a57edf71f6c9cb9bd026bf0a9aa708d52f549b53951cd9509546333537fb6fdaeaee6c27cb822111d1afdaa0a9ddec7b37292245bd1a502b0a40aa1043a0f71f78f6b914f09bc2fa4a73a7b62966eca92b5ac0ca96c86a0ad6355ea6f602605f6873f71f612bfc67a9479737d81e42ef15dd4c99433f346ecaa3f8cd4dfedff00adffc4003011000201030302050500010403000000000001020310110421310512132030415006142232514023336171425260ffda0008010301013f01ff00e1dcd23bd1dc8e7e35bc139db2ce51078667e2b83bc936edcd9458d60c498bb90a4fe2252f63922870140ed3076895991f866f072cc114469e45a73ed454160f011e022747b4ed1a17c2cf811187711a78202bb18de4787c935da2f859f052dde0488a1215b81b18c7b1317c2d47b143f6222b2f2e4c921af85a88a7fb11e0ee47882a888e19da609ac139e19dc36379f859aca29c7f2dcf112477b97ea469cd8e9548ee53d44a1c8b5516b73eee9e09d4955dfd8ed8e773b204a89869fc370785b64a5b225aa71e0f1ea4914a129bdc54b33c156824b28a7fede0a9467923192e4ee1f3f0d816c8a6854a2c5491dbd88a0b336d93c6194f6dad227b18274e50e7e134943c7a9da6a348a81c8bf16292148ab533b22953c12a64a9bf6129ff000cc972896e470aa47275aa54d5084e1f09d2e6a15b2cd47754cca425b8a298a8c48d081e1538f04d493d87fa94e496cc84915239251c184de0d6ea6538c693f6f84a4fb6699524a5448888dd8bfa3dcde229f71343786547dd2cfc22e483783bbf2218338336514dee7871f6274a23860e094c6c9f3f0b4ebf622a4fb9e4a7508bcd92212c0ea1398db7665478f87645e0a553046fc12664c8d951fc4213c146a89e564cda56948931bcfc4783988d768a582159a446ae4ef44a44a689bc8fe229c7b9e0844ab4531c3b5dbbf077b677337642054fdbe1fa7d25a8afe1b24bc1d438b23ff169534c969ff83a123c190a8ff450c5aa52ff00cbe1aa4f1c1d26a787a98b7ee7d43a5746b2aab8669b558fd85353dd79648767fa8ff6f8493c231fd294bb1e4d4423d5ba6a9477712717178296a254f6453af0abe495944d44bc3439fe59f82724b93c78fb1dce5cd91d03a87813746a70cea7a4f02b3fe5a33ede0a3a9ceccf6cab3b451abaddd2ed16ec8bc3c7f9f3ab18724f52e5fa9f94b96463fc15e327179478ff00794ff2e5138f69b1ff00451d4ca3b31568c86d4564fba822aead38e224937b9a4a0aac6454d8857c6d21493ff2e75e10e593d54e7b448c5f2cc5931315fa6cd42b24f86756d07dacf2b877d8dd7078b2c6189d99d317fab87ee6abf1a9244b67913ffd455e4b9235e321493e3fc6aba88532a6b273da228b7c918095bb4c0bc94a4d3d8d3429f58d061fec8d452951a8e12f6f24cc8ad47be33538fb1ac946751c90c8fe2cee4cc23f28f053d47b484f3fe149f6ac93d4b96c874dcb764296051bed64bcdf4ceb951abe13f73ea7d03a753c78f1744acadd034cb511a8a46aa97875250fe1216e76e3832ce513453aee1b11a8a7c7f83a896160503b4c5f16c89f9a854746a29a25dbd5ba6ffc95e978151c1d912236ce0e80bc2d3cea15e5dd56522a084cdb070ad223270e086a73b313cfaf5f9f2e7c885756ce0fa635fd927a797b9f52e8bc3ade32e19c6c7b0f9159145fdbf4e6d0de772765ba1f07b086312dcd3cb31c7af5f9b2b3f2e70277c99b68ab3a15148d4c1754e9f95ce0a9070934c43e6f45775448ea32f0743185a6704791f1643e062e4d3f38f5eb3ccac87676566223bdd5b3867d35d4161e9a7ee7d41a2fb6d4392e1d9f36474ea5e2d78a3afcf0a34c4541a15991e4f6190e4a5b54f5e7bcc685692bab3b45efe5668350f4d515446b69c7aaf4ff0011724e1d8f1fc1f37fa7e8f754737ec75babe26a5afe5a7e4646d2e48223fee7acc5bc98d0ae892b2b347045e7cb0d9e0fa675a9e74d519d7f43f6ba96e2b66357e9b463a3d03ab2f72bd4f16a395a47b8c5c5a27b0d65896c47f65eb4f821cd9bc1179bb4342bc91178b737f7345a97a7ad1aabd8ea341756d078d0e51520e12ed76d050fb8af181f5055fb4d2c6847dcce444c4868cda272455b386bd6aaf112169213c310d5a4acacd1811c5d94a59d8fa6b5ef3f6d37c9f5274efb5ade2c7867fd1f4de993aae72f63af6adea752d7b2b2277768da2897f4e5a17ab5ff00521c591389177921a15998b3bb29bc334f59e9eac6a43d8d4c23d6ba5f88b91d3ec9769a7acb43a07517322a4bbde5d9704ed91bb479b22a3f622b18f5b53c220644c6b23d99195da16c2f22bb38dc86eb27d29ae4f3a59fb9d6741f6bac93f66751acf11a2b846162f3179108476ee4887ebeaea77d88ed6421ac98c11767642dc6bccca6cd16a1e92bc6a44d5515d67494eb53e4eb94bc0d5382be0a9c5d0cc9111226f7c145e60bd5ad2cccc1838232131ac9db8b31597a11d98f834bd4b51428f874e5846af513d454eea8f2edee7b152cc48c5a9f2676193fd8d3bfc3d597eec421a1ac0a42919cdf17cf9f817e488cb04b22b489db196258460c21a3369fec69bf5f57dddb22631a16e47d56527b1a2a1f7359537ee758e8b1e9f423553c898864ad1dcdccb32cdd9825b0cd2bf6f51f0447b1c88460c2426af8f2af2b29f2696a7835a336759ea7a7d66915383dec8649da0716cb10caaf6b699e25ea31123b451b64e4e08d9db0619831e4765b31c9fb1cf27fc5993216cdd0c96e7694f69fa8fc993266eb6b647e8737f171b60f112e45513f7339448910be44219824f0677171e9be3c91766644edec63cdc98b263b4a197927465db91c244764363dc8ecaf8bc894b049b76a6f31f4df063730484c4ecd595b367e8e07b8dbec1ee636b25e55664f9b7069e598fa6f83ded8c8d604291c8f61317a1c79599d843764bcb1bba793c3271c1a6e3d0fffc4002d11000201030303040201040300000000000001020310111221310420301332415022405114235271336061ffda0008010201013f01ff00a3e0661fd7c60683d31adc918fabd2528ff26044a56490e2894518fa88a144e0d46a339b6a32ecc7f4f1dace44aa243ea11fd48ebb6c55e47af2235c534ce47f8fd2c791b1d42526c68960e0c916246917e2539e49bcfd2c792abc59c8931e4c0911d8575b19cfd2c565957646bbe934a31642b605f4b4cacb63e4d393d31d390d3467064a7990a1834ab637fa58bc32a4f3c11a0dee469aa7ee1d5a629c19e9c644ba79e763d09908461fec94e43a93446b0f18cafa562442be9d8ace55258150dcf4a3126d451ea3f4f252a8dbdccff737149139418e397b0b65f4d231b955b4f28f5a42adb6e4a7ade0abff001a8a2194d1560dbd485263dc80c4d3fa4a92d28f51b767f921c19a594e9fcb27533b119e191a8b186382fe4508fcb1610dea474f26e6d3fa4aded16ec72c0ea342af2156649ca5c3311c6e7c923732c8cc5328c31f97d24d662258648672246f9eccdb247722b0be9678c8e3b0d1838b284a47a2c545928e9b605b0b8fa5a945c9ec53a7f8e0a94471c193d5c0abb3d690aab1cf531f224538e5eff4f11ac9569264ecaf816e4514d7d4650d15a9125876423511445648ac2fa8559c64465a9128649d043a78140d24699180a38fa89ecb249e4a359c5e05352b38e4d08d08fc63c952b7f053798fd3e9db2558eaa7b134d3dce0a737115715743af125d57f04a6e472527b63e9a952736578e23b1466a4b0751d3296e8945c1e18989993365b99298f8fa4a71d4c5882d89aca353a15b067255a11aa54a12a6fbb1928c328d1f0358fa1516f821d2ca4688d3e2fd5d1d6b5a28cf52c5a5052e4add2e1e51ff8ef822b72843085ee2ac32b3fbf0a529bd88749fe4461187049e113dcdecd6d834fa6cd46e7fb2af4f196e8951944516de05d248874ee3c99c2338653dca943fc469ae7f6e14a5321d2c63ee12d3c5e51c8e0d1bd99d4c76c946595d98cf22a514f37e4914491a232e4974a9f04a8490d35cfeb428ca652e9a2bdc622b8be6ec662cd656093742a107ad67b22343b3290d5918254a2ca9431c1c7e925929505cb12c71df2963b1e067594f52d47455352c331788ef519418ee9d9ee54a0a5ba25071e7f4684753c88c993264c9bd999316769c352c0b346a608bd51cd98b6466d8c953dd823b607d8edc128a9724a87f0358f3f4be27663bf5749a7a8e9e7958b3e6caccf755172ae863e2cef5a38979fa7e3c39be0c5fa986a441fa73dc4315dec51dea64f95e1f93a8f3d0e05d98ecc5f36769aca3a8a7b9d3cb52c5d5aa3d8e996ed9f22ed574575b67cf47817898bb7a8894ffb73339bfc95de0a0b111b176ab3115bd9e64525b19b67cd56394578637284f547b2a3d7222b1118bb55b16adecf347921c590cd564fb9f6bdd1563ab629b7467813cdaa3d313a74a72cbbab3baecabecf353f711199198c19b279f1d45867530cad48e9a7a962dd4cfe0e9e3a636f915dd95a422a7b3cd4bdc2ba1d9917de8e6f523b0e39d98bfb354d438fa9508edb59f285776569089fb3cd456f7667064944684c8bb3f03e092c48eae3b6a452a8e70c14a3857f9177fc9925ed25cf97a74215a484ed247026263ed4fb2aadc9454a1820fd09b8b28cb5c73647c91e0cf6fc1f2449153dde5a1c767260d46724b91111df36688bbd442e4ab08b7c14a294716cec477647b1d918b3e4adeef2d2f6f73898c0f710acadc5f87796e8c6192298c7c14f9237c99b60d367c95f9f2d38fe3df2686215b266f92445e6f5161951e2250aae6dabc10acd9834b34b25b11919b751e4443da6057c8f71c58d0b823d886606b616d7aabe496e8a34dc5e598191bbbe0970450ed596579110f6aece4c1c5a765dc864911769acc4f9bb64577c8460c1516de45c91e17663b247cd977e0e18b7b69cbc9a18e9496e6371774ad1b36487cf8d0b842ef7c1f36423266f932389190d9eae3615523560e3825872d84ad9ec9702159da6b12f247da85dec7642b3176b5833b0f930708a4f572256c76310877acb12f247da8575db25bd90aced9ec769722c8f829adbb736908c9ab22248ea39f07fffc4004010000103010407050703020407010000000100021103101221310420223040415113326061713342505272819114236205b1344353a12463707382c1d1b2ffda0008010100063f02ff00ae99f884b9ee0d01767a2b039c4c4b82875c1e8135f387915155cdfa543a80942a690dec93a9d2c639f86e4e011bbb4510706f454e4b23a008d4ef472525f75a11d21c6fdd098e7608d1061a9b5683c1a95330714e6e90031e8b4105c39785f69d089ed0234e93e29f35741c544abce32f39281cd18cd5d94d0326a0d6f541f54de232941d4dc43c66569556bd48900095ed9aa4191e13971808fe9f068f7919a86eacca70f240bb171579f8b90e88356ca9c82bdd5769cd07bdd7183fdd48d80545005ceeaa6a55872869bcdfe4bf75bb5e4b0a4f8f44087804f22b0f073aa3cc009eca6f2cd101c20668536e015c6602cea39abed1964af3cc846a7e1179ccabce5d1a116370039aff0052a29772c82971c39286e12b3c39a89d95fcac1b06f26b1fdde850737c1a688ac5ad69c402832880d811239a13df2a4926500a1b826894314004100a255d6923d2cbce58baf1b7a2eab018ae815dda9f98286d43747271cd35dd47832b1e578a178e039238ec84d8cb7270c519d524a31673504dd42e14184e3e0b713d154c7de29c6724e1ce75b2b2542ca56c340366016210c16020598c2c4ae7f740011e89af693826bf9c63e0aec9a9d6cd992c42c964bbaa2ea80145b92c964b258058b4ae967443de4d9eed513e0ad2013cd1e8a1aa4024201ad430e03244b4221d63486e09ae6e05a6551a83de683e09ac7cd792923050d6c29e0cb9b9a2d210a6efb23a30cdcd4ea273a6ebbe09aad0b3929b2b01c21108b80d92a83a97498549fdd37538f3763e09755f9d6299e9c33b05a3883b18150df77c15504ecb4d8de18a2639a788c08f04bdf310aa19f7963928e8b1e19f3c903d461e09ad08faa62086ff00172dbaa02f6c16cd50bda0422c704d3197826a53ce42aec7661c442f341c7242dc5c02f681101d3f6581c54b9c843977adcd668e2b654ba61603f254d4aad6f95e5ed5a7ff0024d0eaed1f7422bd39fa91db69fba790461e0aacf1dd7995e7e69bd10b21ee46011eab17af6ed5ed82f6a161501420a16c29aaff00b2fd9a2e79ea5772ef995b5a5b1be42563a62ff15fecb674c6cf9857ef9733e7615eddff009555954de6467e0aa7580c066a50c176b58e1d02228e8d527ab95e711e8a4181d5cb6eb356d3e545e583976ccab10a7bc15dab214318f795ec4ad8a645429da4567ec050c6c79aba15eed808e4b66b85b6039bd42d9469bc5e6155e9747185a3578fdda8c067c1553a8510bb2025e39044c871f9655d734b0a75577719d546002d988ea51755ad97446e9712b641409fc218426566e01d8273dcfb945abda3a53597afb2a774aa37798574a0feeb5187fe13a1e50a5504abec75d774b19459fe615a2d23ee340f05546f9279036af10bf52ecea6d2128d50dda09feaaf3b1850c6ddfba2e35b3192e6b6d9215da74d4bd319fca5347326564a89c9d4c9574e74d5e98576f64bbd2539831279abee28383d01298de54d068f05960ff55526f20d02caadea157a3f2946f9584ad911660b258a032c60264d85ece4b4ad1dddec2c3c960549084a167f53d37936a39a3f3e0c6dd13fb9280b5da39ee55385b9a32e4d399b094dd1dbdd66d1418dc8584154b4ca78d0aa76932b53c4384ac6dcacab50f7a3009b55d854d23f74fdf15215d7107c1371a3ee9ce304ea52fea14fbf4734cacdc9c359d5225c765a3cd54d32b7b5adfeda8ea353f3d17e9f489aba23cecd4f9507b4de69e6350baad40134e34b40a679fbca9b1bdd600d0aa38660273cbb3726bbc115180e32a49909a6d7537f75c315fa6ac2f686e38543c95fa6f0f6f96a3af540e77ca39a1a569b4ee68f4fb8c57472d5346bb439a5767a1d7268bb10da98a8ec683bec540a3407d8adbad4e8fd010a9a5d7aba4bfa38e09aca4d0c60e42ca8dea1546464e4c9f0456e5b5098ff00982ec81c46a165568737cd4e8da456d1fc9a442c3fa838fd4d5fe3a3d1abf77fa8d577a42076aa3bab8a0060005b349a5aae3db70f9585f178f92b8c68a2debcd6dbefcaa7d61059a1a8e2a9576e673854d9e086168efba4a6b183b82154a8729dcc8576a64ae018a2f932a06217ee0c11005d77284ee6c527353acff441a547823b48c5a8a386d1e6a3730e6cabc180150d58d982da322dc32d523c14f582ba4ea957230b26cc14bb1016020583050b050754591e0a70f247aa248c519e4846a5e8c6c80b150b0182c4ac0ac56d2c0a916c5814a108f824aa9e45146144ea1526d971514ca92f729151cb35807394f66e015caa4fdd075e0a415281b0a93e0b73d83347aac15e959ea4e4896a3729b8a87dea6d5354f687f92f62cfc2f62d1f653742f66cfc28ecda7eca4e8f4e7e9521b1e415d6aeb6043cd6d64106b72f05622512ea41769a2d10d74e2421d50328005676459dd1f8d6cd0d420d85a987f29e7c1b5699e6d4f61f74a71e04a108541c95e6f3527c1ddbb1b21c8da35e35e429e6110d4d6ce25319e5e0eaacf7b922d70822d282cec9dd79a153228b0bb14c791837c20f2c6ec676e6800a0badcd676059db9d978e0503eea80c259298c68e5e107b8e68cb0c5be68baf42025435cb3d718d85af3051a4d179b7792a6f7b62a1f0814e445d44c1858d81a1493b4562e455e944cacd024a90422d26140c82da78fca75c977a2edea889e4540f08113b5614423771588b3d2c70e6ae130bbf8a30544a318a0e2611bb25ca402420f78da2837c204ce4aad41dd0e8169b0c0595b2af1b611eb67721883437ef679291e0d9392a9a3e8eebdd99873934fcc13e834c076d46ae2b24485862bbaa2dee2c16db6f3964b0b19d0a9065aa47831cd61fdd382d29eec5ce7492a9f960bf5747da0cc2e9a90b1b32592c305b78acb5e9a00e4879f82dc5eedae89ef2e374b8c0552913de4fa273b0d4d1c807e545a703ab85b3b9626a6f828bea9c7a0551f78dc2706d8c7f24ca9eef3522c2ea7b3515da83573ddb426a1d3c126a54c4f44e79d9a7c9b36ca6541d137e6185a5ae18f55786db3aeff14d84d6f92ada3e4fa6e2df04760d760dd5340fd97667baed421c24146a51741f9543da5bbc3652acfef394ad35d4ce02a9feea9e4da977113e05bcf75d09f4b4717dc39ca7d6a9de76ab5c392a75d99669a7a8d5c7077550eeef5de49c28b31f5420435a30b3fa87fde77f74c7b32e6995d9938780b6ea09e88b747a53e72b17160f22b13275ce8cecc6215c766dd62c78cd5e61beddd5c68c4a63399c4a8eb6694f2366a54241fbd9fa2aa67a19f8fcbdc1aa29c3ca865d60f2089a8f2e3ba6d56660aa7a551f65533d7822422fa39f444110771dbbf1032578e0144e56570eefb5c6084fa6736ba136a30c16a6f6901ff1c9a8f0145001cb69d03c94e7ba936bb40ad88f755de63710ec1dd42fda7de3e6b6d91e7616f45b551cb175458beac7495728b07fe4b3ba3a0520a139c2d2b4739179211d3290375e65cb02bb371bbe61763a5805a30bc85dacd93c9618fc5e5ce08b6847aadb7cebc858ee29d66660aa3a5d3cb9a0f6eb40ced878be3a145f48dc774467beed4c6d6abd18decd55a6f12dcecdac0f5575e22ab79f54314d2d7f6ace8e51a433b3f440d3a8d33f132e7b8273282daa8567b9c42c160a4e7ad5747a86f5460c13693cec1310a46a5e527502c35cb152d2404caadcdd4e51b21d922e1dd58158187205955cd23cd0bf54556f42d087ea45c2bf6aa8fbfc3892e4e147046fd430b1e128e3b351d75cafb700710868f59d2791b6547bbaa10d70427b225c04a603ee0ba9fe44dbd9bf9e0bf8722b0fcac73b658f2d3e485eac6a33e52aeb886bd61f09327146ebf0466a2cf866b866315da1c6a30669b51bde6994ca938f3b2eb735b4a5ab1b40435caba7e92b48a7cbb4747a2aa3f95b2bb2adb4392c311ac0b5d042b9a43afb15fa6647c1b6ea01f745943f2b6aa1fcaef60b3de9dd9d12a1fdaac22139be6bf4ee3b2ecac92b2dc46a94eda86df29b547be25571e7ade7ad9a9150dde92b3dbf821330e45cf7b8f94a38d904e1c4d3a8d30e6b8195474a19c6d263da608298f18e1aee3b871f24f3fc8aa4da86669f35575261616dd23eea35335798f2d3e4ae57763c895231f8116ce16616c1e26b686fc48184a734afd338e0ecb7eff45ea568e328a613d0d4259f850fc0aeab354cf9eae6b07428738b99e656d540d2a58ebc38fa8fe8112540d4953bdf2dde8eee4e78050aedfbaa7541ee94ca8398d61b8f554c75280e810f44357158583d771053581c7b17e299506478ed23e9d78df46eb0cc2ba73884e6745fa7773cb5daa54ea86aa7e48aa7e9c135fcda53689763c73f18bd86bc8e27f4e7baf1821587dd53aa3dd29950731ab0aeb90d670e8aa3eca7c13d51f540f1adf5d7850788a3547bae5b38df6ca2c23109d409da188d4086e2a9f329ceea6ca5c1544cc5513e5c6b5b38ce5b8943883449db6725db01b2553a9972283db8836843505ae4ff0032a8f98b296e4ee5e9aa811d38d6d3f7770428df473dd5204ecbe41fc2a8c8c79223985d8b8ed37506bbeca2dfe22ca5b93b97a099e448e35be9b90edf1dd31ed38b4aa559a6705da01b0e4d79c01c15e06774e03354dbe680e9651dc9dcc208d1f781278dc396e4a8deceedfa23b31922cf786288e617624fee32d2354d85aafc60db68ee4ee5a142abe9c6e95fc5e46e9af1c468ef276498283b92ed58365e839d835d8141c31163b589550abc7deb69706154f4e3095a638646a391e1e546e438663154aa0ce20a73077db885070215c3de658754146732a39954dbfc45b47d78392554f4e32a9f2555dd49dd5d28ef4eeeb6887a5e0bc8aed07b37a13dd76081ebafd88e49a7dd6ea51f5dc0de3fd38caae3d13bcf76d774dfc6e69b8f75db2838286f7d865798507bccc0a6eab9c7927d4ea51aa7379d4a5ebc2307cdc6390d41ae5a428e1c1198c55279ef010510722bf8bf2443bb8fc131e324350b79b9359cc95459d06a52f5df9475346f5e3052ebad1ae0efe3735b463c85e0a54fbecc9169ef04683fbf4d0d4b83dd5da9ee33568faeb8dc1d40b47f5438ba4df2dc1e3699e4f176c2d3926d56f76a26d4e47354ea0e6352a7aaa73df763ab43821668e3cf8cbbf288dccf091b863c66d32a9561ef0b08f79b927537e6154d1df9b62edae72c7ba0ca0d190d5a2382bd668febc6693f51475e3859dcbf4627b988b0854eb33fcc9954de322714d70e61625068e69b588db7eb511e5b82779409ea81e29eee81577f57947727848dc33e5a82e952a13ba8c422de6110fefb0dd50151d1f94494da6dc0345a6da63cb7e352531e3aaa2feade2aafd2555fa8f1d3b80e19854ea7bd106c85799dda98aece765eb255ea7bccd8d76fd3b88ddc269546797ff78aa8e09c7af1f1b8d274771ca0b6d88970c97cae695db138b42d2c9e6f9d723a0df8b64d802ecfe5e29ff009dc5374e0e3054f5b026d66086bc7fbaaba37cd92afaf57713ba852b155471573993f018d70472c551a99988361459cc2fdd24bfd53dd4dd798eb4a1615a43bcf5cef1ad41167cdc53a8de30de5bff3e0a546be93409ca08b5c075b22d3a95cff0023c04db8d94f8ad27d7809e26261b530d4f2d536395577576bdd6e42def2efaf68a2fadb3214ac2dbd6513e7c5695f5ef72e1a3598f060b4caa3581991b92aabfa375c944c2cadcd66b3575f96a04d16527742987a8e274b77fcc3fdfe155e89c7b320dbb6e0d5b5541f44d78c8ea155bcc46b9ba80ba5771cbb8e5dd72ee39771cb66939523570bda810b1aa8fd03887fa2aff5bbe091ad709c2ae16877352b479f3fef61b6953ea75e54c95995de2bbc5778aef15de4d933a93685a3bbf80e22a7a2aff51f824eb53aa391546a8c6f36514f6a734a60e84da502a9b2721ad289de0d4d1fe9e22a7a2adf59df65c3c6b55a44e3488c2c734f34e7768422c6baf4ead7fe2635a3782dc2cb9f2f1157d156facfc2cd3260551161b30d479e81690eeb50ea9e09d4a463c4577f46a79ea7e174ea03106552a8398b092b0d4aee3f2a71f3d53c0854a788d2be9f83ca8d5c7bd4de5a8a8d423cd55138bb0d68e098e1d5523d5a387d2be8f86e8cea26e97d4749fc20f6bda41138aa34ebb4438a3ffc4c3d9de0e5b54484ea54c16b8e2a9509c667886aa3f40e1f4bfa0a3f088d4d0cbb473a432fbe404053d1aa323991904dafa48776207bca0bdb3f495ff0ae9a20054df51adbf1b4aa8a783017009cc9c182356ef3dfe5a8152ea070fa5fd08fc227519227f71dff00a58b42fdca0d72bd73b39f9513a2e90d8e9511ed592cf999920e27295a554eaf3aa4f08f1cb87d2be947e18df2aaeffd580dac65468730f55574dd1dc1b78137139dd4f12f6939f0fa57d28f043888b0ff00de77f61aa5a8b9f5249d9006af96e86ed85a79aa67a81c3695f4f0638a7f95777f616122a23b525170749e885fef2a547efc553f554be91c3695f4eb81f06ae3a573ff00e5b637095374a800a2ab0e4c3777e7774fd42a5f48dfff00ffc4002c1000030002020201020602030101000000000111213110415161718191204060a1b1d1c1f050e1f13070ffda0008010100013f21ff00f7483914bfa836c726d8831a0e345f6b9ad36ff231f1b2c3fb0acc569456ff0073e2cbb548003c613d986daa7fa6cd2f48cd6532a6cc496f4c0f388e8aeaafa43aee31a421a7049f91172cb02e32f58db34156f0c94f526a2829a8568f5fa5f5a7c8a479d52bb2e9e0a9737ee3c6bb61216cf303a10a8af612cd1c6274c19a1d29b08791ea50741e29707814459f3e4c63135fc918bc8bf49bc28aed8816aa61b18273c5527ec5bb0db4f22ded888bb80c8ae57e913a076cecb6434fed621f718722fd07b9d45d873779af6c6e745bbc1922f31231916da232dda7892aff009d9dead18c42d6abcafd1c842b56db1eb97084d3e4cb0485fb1185a78486e94f0659f8300ba3fb3500cc110a3483b28d42f621b1701e5893686469fb2e10a8dab411926ba0868bec25673f71971e86a09b76572df845556f24e1926fed3ea300a9fe8d92466d0d665f86a3545af62a3c79325ae2ec5d8a7e0bb987592fa5d08d72f0852946e688d631f903c34a5d2b862d56bd51bda3a178331a261a1709c0929efecd23f01349bbf31a45ee0f66d40399ed0dfe8b686cb2a75bbc8923c10ccc6fd101a893518c4ab8a3d224ccb69434dacb16bac69f3e28c7d2e1e0f362c8c515707b8664e6a246e0a1881106157e60999bcbc92260baef9ec5d31177fa2da74c8bfa8ddfb9a6029b4493f93506c83df46e90d28828a2c464c3109c6a8d67059306e21c954503c26743f842a8d09f5588fe6119a1f431e541f337a08277d322bcec3f45115f319325db7b1d31ec737d9b15313a22db23945e691698499430e45f42ff00ba2432c9368ed22d07c2a3670d16717c0f541808c44b36892a7f408d754546188f0ff4531c986887fbc2ef01ed287148953c89ca2133812f8461d17dae042da28b38ea3b12525f466a2174996ae6c60e1c278890d4b67cce1e46e3ed7fc8e2aff09fa27e6e1e5b044b28892fd222892d0d58db0863781a891109a1b1e70d0cc4b0790d168a5dd08961650c3cb3d00112753e4696ef6bebf44b5974f2483f4d18c77910a41e72108a5f086c2c46e648613a363229e1ade90ce1613254642296e6caf04c8ad20545a86fcc231b29f9fd133c4e64c8d26d88dbd0438c5a3432a6262c6784bb042049d18bc9427c5342e51c4b2d9538345d211f6195b299468fd1161f8264b652cfb17d9255f105a6f81e464a6da2aeb871e8df83cf5f8276846cc0eb8a8923b8a178f597effa256ce09b328159fee3e961d094b918fd9f198274241b4b8de2d4bc413c09435c8e8269b25b88f6856844ccb314f163fcafd12ceda0ee50e82787b15b73d8d53a300eec462b26f4273a30f6931a4d8a9ec4a854895d92a885d99e9197f4856453f9215f50253a265b1532f43ce4ee0eea57e89c795a04b4d7dd82592987460b58c8fa1990a7ae0728d87c1744f41aefe181462a67a5173e02d2d1ec513d642902a3a918cdbf5c27320a97a10cfd1b45f4be584cdaf02d83e018096ad614744367dfe896aa110a6f2f915877db0b0e86157826e98197d24366af62da82f9332a3e68d895fb9bc7f71c5f864cd307c934f6290a52d8df432aa09be9b207c60461295a6c4885abdbfd0439dbf865e8f57b1fc808678dedc465d5bdb0f0eeb4df5fd149dd081f9d607e70b5d8fb477c1a84fe479475e82d5e6ed83fcaf86c52d58ac89476a435524b077ee1e08e67d9ef21453823b2d4cde91292fefb1a25e368b675dfb2f1083bd2ca535d9e3e87d7c2d31fbb585f170413a94f6bf454b25dc891b963e4c80c004894e503aa67a689e9366bb113d1a475df9c3e2bda14edf07ffb233d0a63daa0c4b4f020858a48520ee76d936fad60c1254d1e85a722591fec3798f811b964d88bdaa243389db3c76cd99ab36da24791bb9210d533f65436cc7fa254f7b71b6298bea273bc26b5449aba42b9a6e5a474d363a1d94a36780a3e2688c1e19742b788f0210c7d495a35d088d9ff0003150de4bfec5e597d496bf94410d5669fefd86a797c1984d742c8d7b10f861b168cb7e8bf29f81725c14b6b73f482c8897e8a7069f67a8cfee27fe8d8225416f7b2607b079040367883ec5bd09b0cf9169f1a242d9f48849c53b9e8c4ca12a8ea3346b8d66ba6d416b48b49fd47f74fe074ce9fa17b497f432d057605e50895b890fb73eec3fa302f7fa2efcae58bd8a6b2d19960467cdc1f685419633615bfc08567d8c9d47a121b21187363718a377c3616e84d69a6a094db849a93ff0046c0b4030651d6e7f05577f410b5c066f9c5bb3b8d2bff004ecd7b68795c35bd0b434efe88a6a36b7450d6ee722e1ac764a320d256b715daff0058ec76051f92ba12ad316aa1a6d9990b276c22f2e8d68dd3da2b228e8426202bb30af1f17f716cf4b20bea282a0564d7572c4a561fb32b8b0c7a4a0defe476269ee5d7e88d5aa330e365999aef23fb9570b116f5910bea2ca13334d878170673c7d4986f5bd8470ce5e137d37fb9812960364dd1f54f2a13a37dcb4fa1b964d410b601e7fec3e7a67fd860defcf4dec247fb20be8112a0d828bda861d9525f933be1fa1de10cc084ff00632cda750cf024f1b0d15cd1ff005a90371ef91fc07af3eafec7134d53ea7f234caf0a836f1bef09356806c490f6e894bf43ca8e9269e06b66469072d4d884c4637c8cc072b93242bfa9e48100f2c7383063991e4112545371d0951a45fa21b927ee029e4da3be799e23519720ea24698e4d9635e0e49ec2fa58bed30c2a5d633a12aa483008f51e2e3cb02a0e0f0c96d89c8d0b53a6624790612dc25a835916a4d7e88ab2bd4cdc76c6fcf708e01cb30f1e98164489428e64470fc84efd6430e0682ecd0850e2fc95950f26a43c2879e85523121a83e2369ec7f931fa26712b81b39c9a74f50de76c4e85713def053f23993163d88f70df9197d84d69d22e3c2188a0bce12f418ab562ba195a76d5653d3c18191a83d20f9c643f18fd12b65e4281e69f1a056361843cc39b183119ab7d8451e85aa509a6477a2311110e098db03fa885742bae97d4c526fc887a674264698abe851605e04d5b348b1681eff44adf84806f2dd8d0116617bb7dcf58d56189791913c956c4326f08c1549888b195e50e3f416c4efa83638b5e9928781257f5c248393dfb7b366917bd970221516f81b06155f4ff0044ecc0f9a9b17b18b6a84f482576264fa1e19656fa2d4c0ab957811497a1316f2eb332cc9a297c4c63e1288eabe06c97d482c5f29048fa9ea756bad054c0ba855643c9236cd09553d06256cd08445fa2a6949ed0c236f782747c0660906b21446fb9db57c9755b1f3c479c559d08eaa852612440e3189b13d33094d95f722f265d61b3b1966ad9e30637e0c852182bf4849ff46ab9b442c9694f225661a334c845db159f391e919b4d89d0a8d54be8cf6d8b5b888861887a8946210c38084475c993919da0f488dbfd1d0aa06609c1ad9950930db3d6c6bd98ed48621d387b19706dc186835694805f520b8893a3b081681b815864d323421174b7f4721668a8bba50a69fcc7cd162e84a20a6a268aac95583293ea295220b5c058e862be80c4d1c5d7b1fb0947f26641dfc98f0f2fe8f4234f2997a132e9b1dbfc0d8c3a0d88f24b0fb8f42d793020899147e02a19617882fd89254f06261cc49e6606b708e17d996691ba6c9608706953fd1edc44218610a6f61094763d2217eac5dd2ded8d4aac960fea261908722db89ac18c934c4c9a4dd37931d5345dd23e98f4b59f107a9f64b91f71909659131615d59dfe90538f18305ca6c79f26a1f6f149a7b232d12d4167a921096849f964cdac3d895123c08425073441068956497b200e1e4438bec18daad7911022a81a1f6a495ec4291178fd20a364e8c86f32465a1f0b1e0e826250ef4f4116620ed3d69e8dd312950eec04e0a8b532a024e8403b5d99daa46aa8754da6ff009fd1ef0663d7a1d8a3f44c6928c5b502329933f9fc15db141a7d114799079c34a4e99504da38620ac37315be908eebbdb666008370a0d8a824b2a7fa35a5f13b134aae92677faac2d3847cccd09865cc2e0f6b4d8dda32ac55e3e832adc49f80ed35928b193d5af6c875f91523bab1ad255f0328c37b14e30ccd2211913fd1947c978743746c018f75a169896f3b42f0792e995e4318676ca163058d8c153ec43a127b3f888ccf2915d29051160c2150b1a2cc47c8181646133325fa2a989334850c13c08d3d2e069a5ba8ec9e51b4a26dd8d9461b4c68e2999830e50947ee34511242b641ba28f48641f46cf44b34e78e0faa4d331ed5ca487aaff44b7cc6b60c6a1db78a31b7e047964658ad388878b53c8b01442567e4687535d8977c0aa5d894d22c730248421d73c618f25b829078e86505bf118a1667b86c67e887798314577be2096ff3c2f1db4c71bb44fd31c5d74a90502e5265855a297958152878e345763b23c397d0a838143844e62fb0cfd1084f51b63c2d6f4dcfd0fa23616ac7e8a0b473e14526f8796363fdfa2d5510d0ba0948c5b3bce3b1e1c3df1630484cca42ce85b2190c24168625a20906b44b747ecf4a7d646bf025076dd1df61c5514d8aff0042bfa48f2602c40624eb763d9c20f07686a5a35e724c7f3c6087851d2a863c89e3c650958a99a93644142112c8ea329965d14e5f8081c4088cacd8e6bfd686f0dab5145e92cfd0296b692f63b588ac32055e7ff518d44c80d1676db28265324462f5b2f98aff00a4d22c5c0b9e2aa6fd0908d26c58f31f065172274570e7a7155b62a643109da6767974621164475e879e726796182a5368f2ed3fe7db143db1ecc68bfd89ec6851ecf1afb9dc59dfe131b6c69dde10e973aee187932e2a621b254eb8e8b86bb17f7f60eb1c13f040985173ad686453670f66200c05b8ec86b5a944dd3bf153107bbb3f46c849317cdda13498ff009b6ff51a7d4fccc53cb1517a75e59de198b321829f836f7c037a0ebcf4c4b4ad9e62535e7d700fc7049a7c2718e6a8c2ac66fd24d887647ae835a3c5fdc7a4716cc59673f4cfe1534213f803fa31ce5a79363468051da4af457ec379c0cfe596e8d2fc318421b57a0d4cc33bfc9e0384ccbe68f5ff002ac68a8e58eea8bcd73b51aba65a1ebc9937492e035e1ed0584839b282c9b4c7a28d607250cd57abc69d34c67d53e09ca479a0641e58dd3181e04f0a3597b786397168c8c6447435a7728435c6994916d9fc194c4279194974d89099a3290f4a8a0c8d493dae85e14b557d0a4a3d947c84d0bfe45b82f0a7545b424fcc1c3b137a1eecf91aec7ac64a443a28dc3d60ee648923b78a30f0641ce3d0ea2b34e84b754c758a860d7a3d0d0c3ee0f6b813c2f4d894ac173c37420256760d71de51de04ac7b44430f83ebb2392504bdd6fb8e59cc71d0ba1627eacd786a60238082b4a5da45533eb012b53abfe32c160aa560d2abc99426e86b9b51be46f91d7bab8588bc43224dcfa894355dbca74b5130f2406545794dc21ab6c450b1870a705c5f421ba9e2c0c946a59158df7c47c112d217d04a3262094478534c4e997364abf608927ffa8cc4cf4b6ea5d87f4d5617915da256de4275d8b99fb88c8cf231a66457f42b85aec4ad6abfe2658c2d0a255af448b24c6d5a635f67b078d63706ef15cfc870cb128684af289384c8dc2da91fc0bd37f7e08c0f26244603c8f63b31ad8d15f6984487b21e052922f88d8cce0b122a662660d2ed55fec62a8b27c98af66fe78551051c87a483768870f70fc4621b24f23148c7e4cca84c759158b024d37fc2d280b5707e83e6eb7b15d5f0661d8ab65c70eb86a8d0a4e2ce198d4c5c3e1ae270dd46f639d342b3c5634ea2413d88bc9e2c136ee14cccc8c1a0f05a15ee244d10ef4421eb35884b47a45f822de048be21909f2cafb164e12d09e6b31a99514427c239166af029d4082ab28c1b43963e58da3dee0c45d2eea1662c6d37ff0009e904484207a6d0999e431a7bc95c19ae570bcc6ff03107c209586296859d73389c326083982a536a31595ef791e32f545bf109fc8a824586a1ad12b458806c4ec627c0b01d0fd0742a7dd38c4b6e9fb8cc359a0a4755d23119898629ec231f61f36356d8312950d2faeb92d91c7411bd80827798d422b523f1ff0004abd2ad1e6f4863164871b5d92ada28b7c7027273c5e1e481090552646c4f03e5afc1eb82765216512828d32c0e474c50f2b06825188aa2b57825d22c7be1a3cb13a70d4db89a91885b06ad74ab9f040794347c302eeaaa1b89341343d8775184f0479270153cf02090d218e46f3454afdf0081e9cd929bc8bf3ff3d66f02793d8189c24306498fb2af41a63b12244c606fc1ae1aa46242c8659045a8d7ff0002d8ca13e06a47d8c61c4507d576091da495b201548884863379ae521014a16f5f011e0521ba4229fcff004e69992e030e54c739bc43738f2780a4c63078ccc8912ec6b613f232834e8dfea7f3d55ac8bae8dba63d15d328dd4d793e11f04888765f0ef920357963057462df2d7e14390da32d37b96df4ff00c1ba529a320030d60c02341ee198d7a1497b08c825520d14b33a288f3b5e6590933fd68ea3c445a3424621f0431322e37eee3c874181946411aa11728c9fca02eb49afcf22bc01b18f0e14e89047b4232fd907c104884e25fc19e67ae2337e3f112e0f4d8d3f924227fa0f6c0d24f1138a5144fc410b1b342f168c2d14412a264c47c904318ac250767d942bc083aa08e8e3113a328f4261f259231645963108668aa0eb23e2991ec5ff004cf7b2bf9d688f3fdc6a0ddc7c4ee2df18cb3e8199f46dc320ff000648c1c0cc48945dae1e47a21389c6e7520319292a52673b1ae0582316af488362c8c04785921b065c143219b334f1e7f90a9a85a0b07042d8170d1989b9802379a786a346392581e8630de85eb9a6ff0093b02fe76e3ebbf2f91588c27c0f83128b4325ec270ed09629be60f7c5c8c27726f6646616643498f538a70a1395ba3e0fb16b9e867983fe8ac43070fec0f95276a1a337118b3d8c041e59b1951d1b167a8599e46697a5fedc110e49734c0b5851326b1b97d102f0d848df89f0fb0977d7fd8e32afeff9da99281d37f928dc1b2364f8d265b3b1e14dcfc0cf90db33087a08ad315429db969c3fc08482e15996b68436a6fde3509ad8274cfb7d1499b22507bf17163635510b10aa189f7cf4b7f1708b462d982e1a19365a7c0df823c64b2e2716160b8a5cf3c6632ffedbf3b911f3a2c837836193813c23523a5b27a2d0c7c2ec3b7a1a9f169c6e21ac9f0d48c4a4fc613788b32b6e44599bb1ee4762a44794c760b0659783d990ee8c1c20511acba1f02b6949f748687dd38f9180545e4cacbba62319f43990e6c341442c5811762db7b64932cf58e7e7611ab48c90c0582b6cc6db161326d79169b79686b145216b87a2c3c3460ef24aa86bc130e580987684c63550d47cb9c171ec5b660aa3102ad91c551ba16dc533f03152f5c237e1eb8a4270cfd09a19a39ff202668cb9f2183898e1156650821b1f0e07ae2ca30ed32be319d090c312b89fceadde937dc5315a43ecc61938b38642e435d08a3bfc1928d73e2652e1d34643d08d786c7920d098fc0c18a133b73ea264d56597ec2c9aa3a2a7d47634568c3e0185a325c60e2df7811bd8c9abc8bc17ef8dc362c332426123492c8902ce2ec4d961b918170627b87d2c6acf3f9ca9c69213b317efca10e058cda18df43910698f2b2693101b038d60629b8dc13e35e02268c11b3bdb35c50a0ef9ee35de81a78641ded7309ba08fe4532d893a273d082cc97361ec2565d2a1485de2fb654fb1d9d45c824f90dc3a28f08c98985c0d0639390129362c2cba7be18b78bf38f5a39e616bf7336660c4189316cc05f0cb233354102f4f289b4294cb86bc4e5e1f091465a230d7bea99b10ccb3f81c5ad17ffd050dde88623744f24e3bc6c427d25c0e97d05e6c35922cd4dfb0cc16c62a8f850e8cf92658b0763a4865448620b88b03165781b0e056249c1639e846dff57f39a35c45b4bb31326418b954aad191c05b890d119db64cb533ab8145bc57880af25f8611aeb361b42751b432d35cea3a8c5dc5bcf67443649966df82174cfb08b3661026a1670c6a6f2237ac077a835f03946ccb8debc1649188c0d8461a44e89c0d98240a61ce063690baad120f9cf398324fcdba5728c97c0653733118fc829a86bb863c1584e9935f8d60cbbc0ce5f02e24a62b99924771228fb337d164621eff00016196635ce3a047f8a0844954c28b4f6b843f338b278879959468c3cf160af526c8f2b111ade51b23581b9790ea8cd0941e5121e5e0799cae3758d8a61cfe8ce3e8b80ada1cac5697e6d12f2fe4c13c19b8f39422c7c4b35a2db8fd8458e9a84445de21c6c20d465e0c452214e0a8d1dfebf184415831adff00da7fd98cbf348e6155a0a52360f75d11f943d17b13125942283e5932b6cd5d6048846444389e1a266cb04e17854cba70f81b276c58f835586da848f5b3d804af396bf9b25f38356f23d429ae09a862b38158c51163643e069c5d04f3f05c4509d7086f22f13e5a646e1881944515186c4fc1b1a85f375f3e67f4261d10d98c83dfad08461932d99c9568246389d6fa24ba6891ee55feac787f0705ecc0cd980d8a9f0b9e23d62cbb1e0d4c18b6f811c4d8d287a1d1315e00d7f9bd4444ade46ea1ac143b8f22478135f225a26df8168c83334185e33c1a59c1d2e0b81b021adec7aa0a31e386a7324bdb046ac917e47034589117011447c2dab733f191e9e02fb78213c2ab1251b0243838e1cbfd7886cb82621c2d0c97e867dc5420cdf1a79188e2a3644256e90b30c347e6e9ed491fb927f210df0ef183c76d45d5e4cc4ca38686431571278a64859c1d0b0643096e10f14ad0d84e6c6eb2e7871886ad9b597ac21ea4e8b4650b89c82749a9fd8d6d2517c44e4798631a07396e3c9667f4a2a4b4317be322be0d7f03e4a242744cae0d1986a34266e317378e12e863dc7761751333c129aa2456a34d7e6bd88b18fb167ee67f20e05910ade2ec35304a23acc137ce671817fc122c34306f1c9ccb78523886d268df0f051b2341c756c5f285484cd546bfa1b7a6e23340c8559d37a887e777d992dd6fc89630887c4c7c41e34f63d8f83fd5bd094d484b63b21c2ecc63c8b0c45959145b06e4244309d30c7858eca74f3852edb5373f3568ff00d109ff0075916b620f4c48216b058f84b1910c7e45ea1ee438dc8b1e1998620a54768d8b9eb86302263f11883cd97e590581d8d779951667530077d04bb65422a6ad979316967cf912cf0ef652b77d87d00f1f236848dc36190be3fa7078450d144caa1b01918c16196e112791b032149365491353679507af435fbbf358256d42d396d4c9b12de19a2a9b24d136f87841af0271926b8503618f8385809fb3618c5e110627cadff032dd7e2922e36da992f1b224d2eca499d9c2dfc1ba93c11179c2fe61535527d86b80965da437b291a3bfd2706275287a271d44e242d657862e1c18d41614491920a1277448aad9ff003f9af9734866de15470f44306d0942d33448b91ee34d949d985b865d160aae1045bf128dc2dc28c00f9dfc3b9212a85bde224274a323d0868df9f6047ac7be9afe89d97bfd86c6c46df93cfc94d87c222e248d09e46416c79e86d0b5703cb03208e85d4a221f4f864f153cc2603d98e5d0fcd781219b31970e61464829a6259483439e1386e022572367c7161aa3171210c5b13cf1463ac419d70d99afc0dc13336c7751b43f026e468f82d44920f3e06f12be1b272f3e4c87dc43beb8abc0df5c6e70903bc240dc1a8b84c8ee5e8b50fc4d23d04b08db02eb3a2145b9f24921100bee668fcd124aef6c0b963bec4a45570c617749ac68b7810b7072e8c9486de7c484ce24742030d83ae3636e2960cf623a99d511ec190dcb54c0d877f032d16a3eb62e5d64c40cc313cef2301ae0a2d7e1c78999abff00433714c1a131b5135f228889833a635b658e0ad8551210acd94a945aaecc97d07ba192f93afccc335a7fe59bc4c8c29959164ec898e0fa414d504f81e9e87a1704612960b2086c162d70d5161f0f09c2e2f13a0a47828afe068cca40791467fdc9844ede9a2fb5b0c52e100b933ab88f1d748f7c2ff71463543131c6d804fd23cf82ba8fa8deba1a32fdcd63b1fa05b62c14a96839b220ed3b1f28754a59345f9997f65fbb3244a8a325d138542664c8888b7d0d688c46089b82cc692e049e86a68220355c2b48e960f22360d7f025df65b617e09319590d230287462a58d4e4b509649668fc105fb3df51b1bedde1aa33e15b791c8fa46426b2cc5302f29730792de30ef9ba10c25c49a2ed108406e6449e13d0abfdbf3141f810a35fe5145242a50a7439186c4d278109a14b055702e4f90b6212ecc46c98b9938602b02994a45a2690adc9c2df39a62d9f8716c8e0c6994a3e1dfe884f8557507b621543c31e42f5c1457e0ac5c4ecf1c1c48688ae062d88cdd99f3c748ffcf3cbf64ffc213bfa063872f81aa4d7ca16527bc26572eca868a4d2d0b1034197f92cbfd67e62d3d8655e5dbf72a8c06a080ecc5cd4a33084b135b6cc218c6f0f82ec6cf06825c6bf8c68c59972513c898e4b275fe10ac690a7e058ca30d2361f4761a2b59b6927ee3426ca2bc31f279260f379f7333513041a2a345685a99e174564427d511655fee1ff00df0d5fdc7f6908ed8ebe345141f898d10618add1edefe0fcc3cf9239ff00af92dd98545a12577c8a9a32428bc09a2635de788d8a6c8d17054ccd7e346dca1e88686042b9ec78c6b995b1adc504087aeb22d6e11655e7f98274740bf59c125987f9cf1129af15a1d15a45006271b21041e48819b06645c11860918025a4f48bf31fbf9057ff00530ec98a68c51091546778c0a0af25b439903f542a096d1875076f8971c1382d7ff2bbc2d947833c7d03a09f08951f8f29574d3fe86aad0ba69e04a8dbd0d4f6b9309ae32df578bb46d2aa2174361569efef84c0b7c171418665786c6505fa8113d085cf10d831eef83f31fbc8f7fddc89866888a0a51dc144d14657f02a5b20849e888b170d0b06c0b45fc781793342a98c64c46dfc0f212f0d979ff5f030a30d8b4b64c64253746a1d8cef3b6fd4ccb3154282c4c678311702504b9c46cf98eb7be296b4c4f9516a188c5b2fe63dac1eed59b50d186265b88c8f2319313d0f0d705c021762fb16e46bc22fb168864c9930e8bccf0b83d0ca9be263de8dc5c3e06570662566ea2e7c8a6ba06d646e74202907291263b79367fb926820b67be1e5c42511c44837097060398cb920b6de4a3e10e664976d901ad3fcbfef3fc0f97c97a6664589c20a0d464bf83fdc2ce6dec1e3063e4668742d7ff0237c9302605c324c4bc2d4246f073a316db23f84ff00c9549d8997d0ca4f242ce9065e003290d8fbfe0ab0645c12af949895090d0843f022d62c1780d91c98a430fca151db5fb7e5e07dbf81637c894a8906fd8e41ec5390433e87a43ef072963a6373ae6b5f81f05178368216f86a8c2d30109f426cb2743d1031a29cb6251c5515882ec2c2b0583ada09dfe987ff00cd14ef0950ada3601786065064fc186bc255882449c1c6a50ebcadd2c0aec39bd0f7303bc09f6621b4eff4fe5de7fb181337b20d66081d8148272c95312e45b1463a437a302169c18dbf015837be5e5fe159210c5e171c3835c113bc47b6252d11d1a9095cb45f6a188f7296e6766f59e7fa8784ad2945ac93344b3dda2a1249f548b7f24c898e72d7c4c157ec4b990c5e0d9620f5cd38e8206f41cfa302e3634109d74fedf9769f33f83ee84513c0b73c56377a3518905e1012c905914121afd058c2df0b5c2d0b7c2145f1d1ce9b1715f0b83118430a58d97920c7f48278d7ca13a12f44a6dd8788f4e9fe0d73bb5b345b0a32636935f144c70a98a8eb26213a484d79250d1141b1c3353669c3744d4c3e84a5452319a8779e1f9769f2ff008fc14a4a973c0bc64f836296268978634c85a8cbc18a0b95c2dfe0ce6f1bf3bf09fe098823e1052268dcc53ff00ecb162a7b08d49c692a12296c69db733524b8a9ebb63517bfc16b819aa1e43059cdcc828910f81746cb221105cf4167f2df507f8e1315c0f82b63161ecc48f92c281459311b2e22544a2e16b8dbf0355f864353bfc0f4550d5a31643738c1786485fb180350971be9f8e027028f3c083fd8b8fa60614b2f0780d10e8846c68f9610cc8a6c582908362d429d91669a60aaedafdbf2dfbcff0006ef8f61b9c0ba8db0c6e70762743854814820981623026e74fc5d79db942a2e58b5141a61a218436ed4d32116f50c056110b230175d19841facb826170b16217ee4e68d83a63e1e8781870c8ac8b27b86b4f34a8ba4cc0b18ff00263fe963f2c9f57fe05cf865c6f03d84a31463ca1bc8f1d0810a499660c8510e971a48683086e168abff00856f8682750862638a506b9e4a470c529bf65c18bc11618ecc01bb96d3e98e49bc8c77a0bcb62215075c4a2443832e53838c0bc822e4cc1508d51803d77fb4ff00efffda000c03010002000300000010f3cf3cf3cf3cf3cf3cf3cf3cf3cf3cf3cf3cf3cf3cf3cf3cf3cf3cf3cf3cf3cf3cf3cf3cf3cf3cf3cf3cf3cf3cf3cf3cf3cf3cf3ce171923bcf3cf3cf3cf3cf3cf3cf3cf3cf3cf3cf3cf3cf3cf3cf3cf3cf3cf3cf3cf3cf3cf933639e5405d3cf3cf3cf3cf3cf3cf3cf3cf3cf3cf3cf3cf3cf3cf3cf3cf3cf3cf3cf3cf177545cffb14b8bc1f3cf3cf3cf3cf3cf3cf3cf3cf3cf3cf3cf3cf3cf3cf3cf3cf3cf3cf3ce0b0a0b01cf2bb36eb8fcf3cf3cf3cf3cf3cf3cf3cf3cf3cf3cf3cf3cf3cf3cf3cf3cf3cf3c5b7b0d120cf7a44484bbcf3cf3cf3cf3cf3cf3cf3cf3cf3cf3cf3cf3cf3cf3cf3cf3cf3cf3cad2fa014f5fdf7cbe5f175fcf3cf3cf3cf3cf3cf3cf3cf3cf3cf3cf3cf3cf3cf3cf3cf3cf3c176eda4f3125f4e9b3985fbcf3cf3cf3cf3cf3cf3cf3cf3cf3cf3cf3cf3cf3cf3cf3cf3cf3cc6e29e4a0d0ac031bd826d3cf3cf3cf3cf3cf3cf3cf3cf3cf3cf3cf3cf3cf3cf3cf3cf3cf3c264817d3e43eb4b3c9306f3cf3cf3cf3cf3cf3cf3cf3cf3cf3cf3cf3cf3cf3cf3cf3cf3cf3cbf430b9101601c4d96d78f3cf3cf3cf3cf3cf3cf3cf3cf3cf3cf3cf3cf3cf3cf3cf3cf3cf3c3ed229efe2ed66d2d686633cf3cf3cf3cf3cf3cf3cf3cf3cf3cf3cf3cf3cf3cf3cf3cf3cf3cb3d509e954d412a552e2bcf4f3cf3cf3cf3cf3cf3cf3cf3cf3cf3cf3cf3cf3cf3cf3cf3cf3c446d05f00dab5d98abf980b8f3cf3cf3cf3cf3cf3cf3cf3cf3cf3cf3cf3cf3cf3cf3cf3cf3c6b01e4d61d2a430d74ba4e84f3cf3cf3cf3cf3cf3cf3cf3cf3cf3cf3cf3cf3cf3cf3cf3cf3ca816d96677b5cdd89b20b23cf3cf3cf3cf3cf3cf3cf3cf3cf3cf3cf3cf3cf3cf3cf3cf3cf3c2036591300dbb056e7c5057cf3cf3cf3cf3cf3cf3cf3cf3cf3cf3cf3cf3cf3cf3cf3cf3cf3cf0f3bfad1b6aa732273d263cf3cf3cf3cf3cf3cf3cf3cf3cf3cf3cf3cf3cf3cf3cf3cf3cf3cf3cf3816ac86686143eb1f3cf3cf3cf3cf3cf3cf3cf3cf3cf3cf3cf3cf3cf3cf3cf3cf3cf3cf3cea80f606aa95c7f02cf3cf3cf3cf3cf3cf3cf3cf3cf3cf3cf3cf3cf3cf3cf3cf3cf3cf3cf3c6100d99522409c89bcf3cf3cf3cf3cf3cf3cf3cf3cf3cf3cf3cf3cf3cf3cf3cf3cf3cf3cf3c0d414a921aadafb4fcf3cf3cf3cf3cf3cf3cf3cf3cf3cf3cf3cf3cf3cf3cf3cf3cf3cf3cb0593c90bd8bcbcf95dfbf3cf3cf3cf3cf3cf3cf3cf3cf3cf3cf3cf3cf3cf3cf3cf3cf3cf3ce3b6e94e173058d6d658df3cf3cf3cf3cf3cf3cf3cf3cf3cf3cf3cf3cf3cf3cf3cf3cf3ce3ecbc114b4704207f60b2fa0fcf3cf3cf3cf3cf3cf3cf3cf3cf3cf3cf3cf3cf3cf3cf3cf12a36b732d8e8d8674ceb19f90134f3cf3cf3cf3cf3cf3cf3cf3cf3cf3cf3cf3cf3cf34f36708836d66293ad316cd870a0a463f0374f3cf3cf3cf3cf3cf3cf3cf3cf3cf3cf3cf38d047a640baf71b6dd2edf848ee8638eda94e1ae641f3cf3cf3cf3cf3cf3cf3cf3cf3cf3ce2a6b1ee98cd94a8f43a748fc695177596716bab29356ecbf3cf3cf3cf3cf3cf3cf3cf3cf0dcb92238c5a4f19fccf8bceda1a144f52a1285da1b3bd84c8a34f3cf3cf3cf3cf3cf3cf3cf2bbc5e20f7a47ae4ef5debbeee4a5ab13d0bd9017fe746e4e87ea1fcf3cf3cf3cf3cf3cf3cf36bf2ddcc331bea036a5abe38c68b1d8439549f549cc9e6f3910acbcf3cf3cf3cf3cf3cf3cf2dfa4c1e568cee010ca724c69104b367033ca52a1198c7ce671efdbcf3cf3cf3cf3cf3cf3cf050e8e9ac755cf4bda8dab8f030b10abf90da93fe2edf2973313e3bcf3cf3cf3cf3cf3cf3ce093b8743bf3d08620d34b37622058d902f41a875e923358dc5bc50fcf3cf3cf3cf3cf3cf3c3c8efd88c6da63cb17d7bedbf1b8085444cdaa9af9287d3e983cf81bcf3cf3cf3cf3cf3cf3c5e70c013e8b01ee458622244fbdf4424a26c393d2f9e6cb22680195ddf3cf3cf3cf3cf3cf3c6751839b391e94a52c1c4e46e7d427c14682c3256a9ce390bf8487e5cf3cf3cf3cf3cf3cf3cfe19d32cb35a512f30889b1713da94ff009b714c1ad4e0a7b7b825aa994f3cf3cf3cf3cf3cf38f3ccdfbbd4c6f0f829509156978ae51645c0f280ae84d3ab953d854abf3cf3cf3cf3cf3cf3cd8cff99f872875721cea9d7ee97f590bae3b58781729c1cdbecf72087f3cf3cf3cf3cf3cf3cbd2174f7da6b1511419fe5790ff00b3ecf887b2d0a5c3af830977aa9ea8f3cf3cf3cf3cf3cf3cd61e8c58043a10433fb5ade87ddf6da8fb1560c25b1e8fa74f37ddc6cf3cf3cf3cf3cf3cf36ceae8a031bbb114ee8cef1ffd4c5fdf48c1a0c6480fdb021ee69af6c6f3cf3cf3cf3cf3cf3be2ebb46e1673ac4fa5ff00fed4bafd3731982998e579c9bdc208f268c17f3cf3cf3cf3cf3cf07119121bcf7a8e83c15dfe3f3947ba4ac76fc74b63c4608c7afb5b9bcff3cf3cf3cf3cf3cf15a6d6eecbc7af269feb00135c0db5ee3de8472f45ce83d5861571e9695ebcf3cf3cf3cf3cf2fd56578f32d00b4e4ffa0b3d38afa06eaebc9cc5dcbe97e87c6fd28af61fcf3cf3cf3cf3cf151838a48a121752ba8e880fa719df23302b226aa590bd4728d978e727983cf3cf3cf3cf3cf3b4ad5f9e721bbc0437f29072f1a2fe03cfaf5b1d7d72ae2fbd1472107f7fcf3cf3cf3cffc4002911010101010100020103040202030000000100112131104151305061718191a140b1c1f02060e1ffda0008010301013f10ff00e8ff0065097f3c20d3f6d33acaf0915d5908df69c860bfb52835b123796c47733e22f4478a5ed7de877f67eb19bbec190ec918e3c9dc21c91d8cb1efecd936c7589bf84a7657ee12eaff00a87d4cae7b2747659e96be4bebf6609f188c0cb72edf77bc9649006455cbdcfecb9964724e407b02cb7d5a76e9bf02e10d18f7f65cb1240b1337e39c9216b3de364e93d33bdbd72c3bfb2f6d65802cdfb080fade5d878cfe5f1cfd95094fb01fb3a0d830c6d92e43bc8ec1e4860b78a43d4b6099e9c278c4f46d13f65f6017255136cb84616d93b0d5c9422b94bd8fc7b9319eafd984bc23c5b512ea658e0b37a0a78bf361ed9c5f6030c2c25efdd839cdfd90aa472cf10c09bf71e7b267bece412e0909d980cdcf06107d9053c4397b9ff47ec9fc15ff00c93da70797d4bd425bf8b77ac230763bae4bc7dc0b3a9087a27d5818ec8d69fb25406c80fe2e5767a45cd217b6f2f3eda805ce5d376318fd5f641be796e7ec858199ee49867af61f16d721571b3904e4c7c7b3bdd861e5abad8de7eca5825c958676cd04fbd806643f899f26275e12cf6fa17bfb31d2c96e0fcdd74812cd2cc6bf39c0ddad3f681eece86c7d60c8c75d976d0dbdec4162db37f673ad8d2dd89178841074cb79066c0e5c196c7bfb4a9bc603726e05a9d843e37f25892eeb0c5fb387f0fb98f663febe27a64ef49084f23ce5d80af0e4c88877f65539eefcbb1b0f1f87fc1273403ce71b487ea45f202eac5318786c883f64ef5a7b317f1bfa6529579b2539f70877bf1fd2d4969277b6f04e8fe9089a7ec20ea94e76ccb87d5e2351cf33eafe6254fe9ffac01a9f723d5191e33090bf77506c475b643cb813c93f0bfe785aae11c3f307e2a11e2d7dc61e439c8ab624e3ce9ffaff00d2ddcb11b93a778bed4893b6a6f255edf6ea4f4454b891461c6254168ffcb27d1fc4d3c098edac63a90ef23185b107270233f731ff0033fd6da49dcbef20c429aa7ade5a4061b25e106df011e2f8bff70725975766ff001bf82bd26ffc607aeb238617796df6d9906b8c8080432fb87e34dc237b9cf37fb4296333e3f1b7a23ac9cb88b232d176f355eddb8f9374665b767d9de7ef00d3fe10e89ef39fd2fbb61064311d4e5b7bf030fe62f7c94793233e80d91fa6dd86bd9f61764971206bd2039dd27fbf8a0e330c2734603a4de9e456aff83822e1d23f388e6f2c8d5e31f03df3e0876d9dfe88da8fe0ff003d3a49ee0e5a178dba6e9b84bd5aa7e2fe485ffb87bf0e3d91261851bafa9ed53a24009fafd82dedbb12e441db9f056d658b1f3e9a7b7ac05cfeb9739c1eff005b283e97d50b6e9c9becc5d2bed6edb3f1f10247e97313212019b67d7ebb332eb0e7c0db3218f24be8b7f93e05d2337a23fe18ff0061afee5e998e4b967c7c1dbf97afe79b70876f53872266dee30e3b77102fd7727f983b1e421ce5ee1f868990ef6d7a4b13c997c185b64fdb3fbe59cbefbbbfc7c1dbcbbf12ff001b974761dba5cdbc9fd4226ce217d9faeb5feb06d9936c3a41a4fb285d8693a4a753dec7c07ddd4b2f8ffa8c750699d915fbf08ec0f0b2e73edfe2ce9d3ffc447902b78de9186a59cb8106edc04fd6586d947f3030c63524532df8cb0f6eb25ce5bf49660cf85b7e1a8bc95e03e4b09768f2efd1db8ae8dff448afdaec7ade7e1eb651361d9022ce7467eb0b1b70d9f8002c4640634e58bdb9762cdb5b6cf9b01d499f1e7c255e932dfc793bf73d8e9a4995ea6ff981c638e7f1183bf763eade72d1db2796b308f8738615d97992207eae843eefb81b897e4dab1e67c5e7c70998c7b75c8c8bf1cb22d791bbc6b0faf22c70c7fcd8a40ebc7fb8d0ef23fcb08179bc47f175eb607917bc80c9beed04d705e3f593cc4c6c1d275c6c803d85efc5e63721f00c790fcd9f8821cb8cfdcb8756d9d7907fb96fbf46fbc483fc5bc9f7dfeb2ac678ba3f0d1bceca7d479b6fcdb751faab03e0fd3e2010685f6f4d9db49115eb67d7c75f058c9ea2b6c3e6b23c5eba7f7ec3f04ffb92efdf8385e7b7f291fa83bb370ca1c9f666084b43faab447145b867cc88cbeee397a4324f872df83ac38cfc959d30e328188c2aef3bff009ffab0460059eec66e3706dcccc7e1771b0384219ee5e2fe1f0da0fd5e01f51f03be2e16910cb4a3c21a5c3f0f1c9fe66f7c992d87672ce93b6d87a716feac8474e491e02120f97169d95ab6324ee61cb15a0fd53d656185f80a72c7b00d93e4e98bc76425bb27c7b267c66b67d24484d3ac820ecbcc9fc39a0c209f57f0c43a177c965aa7b9fd4784f52ec63d86e8920f104f979e48069f2396ed96c9f1e6cb10a8c9de1947fb121ef765657b3db3bdb4a104de11f64f3e5816576c17f51e90eac7f088b1edf846cb0487213cb17c95e3227ff23b7d6c8dd193cc5b0b31b701adfafc7f5b7025927b728ec0b75996e773e05acb96582072d11fd4e8678321baf8823064888152d8f4f824bf8b771c963b1ee43ebe1f5201c4ef1fe921c1067c0a984bea39f05877c83b2ec378d809e3fa9e1b709ec06ec7e13344e2c7e2e97d5eb7e41b665b265b78e93c49962cc4f7f176a6762f33c363a7c79d8d42197bb3bac02395d8fd3f6bc72596fc96a169e928f237d863b0db9331cf8f1b6332c1c869067b7a081f6ecbcd73e0e99bf10e5f0f63107e6097c2f523a9603fa7ed6157500241b57b19906f64cb6c7970cfc893eedcb8fc643f53abea3ea101b600b8c4da32f72cb0fbbfa47ea791decd9d6c670bf4fdadc50f240f255c9bf00623e27392fcd9dc99f83cf84c889f766761d7677ea08edb710eefc0f4c80831d9677df9fd126c0b641f00f7fa1fffc4002611010101010100020301000202030100000100112131104130505161407120916081a1b1ffda0008010201013f10ff00e0e3608e5fe5227bfac5c8ef96a7611653590c105e85afd506cefee01863cb1f760611ab338d9b90a6a67e9f48a03a8334c7654790825a513b012d0dbbfa50d618bcb9765bd8df5ffec90c3ffedc2361bfca4dec4f1b310d7e97eeb0ed9f97b117dbf17a8eed0c859137b2c772479fa4ebab2612f2c895f2ed0a5d8386506f60d9ea7847e91a330a7425e59b63edf832793ee4b391e49b1a26ee7e971b6aaeee14dff2fe2bdb85c5a08260460d90f2c5f217d3f4a7b3319e1a0b601e7c2ea56124721dcc8d19e40ba092e82491fd2874b0156e0a20793b860f294b11318bdb22217d84c4b31a38bfa6587b612c221dfd935ea40893810ef5b0e3f190359f793e0b788fe91b52311bcc6c768bdc84fab0fab2d7d5d4bfd4a53a0ffdc2e87fee7e76cdf5d5fa42b101725e4308fecff4264f080c0ec99c58ce5a209ed9c98db9febf49b048f746b2f83470ec6e76537d84f76433bbc8431c9659fa47a44457659ca181e9b55e101b2ff1b765f71b6de726a37f4bb081d210d0b6f64900e240702d3ea1cb0b7122dcafd396308ec069f570cbacf184cb36e4dba3625977f4e38ec21cb6332c7c27f083eed4f0ed8cc0b46f05cefd3b32dfed8c97d9987273e4dee4bcf25fb233ac4b7f51add1a76fe4117c6018e1591aca1aa279701fd388b7f882fadbb9b72edf6611b23c9ef304302913f4be0390e3557f11b8d9826219db7f2ca9f524465bb067a3f49cf634691fd8d478c0eafacedd51cb2cfe59f72eb90e1096ce13aa8f1fd0a382c25e165c8e9c97960074b057b0e72070489798beb793d88e832c6596b8327bff003f0c6cda261834bf85d75b14ec625e33d646ba5a20ff00b5bb7c8f8cdfd951a7210b4b1cbd98762f83fe5a5c39603d4600f2c7fbf087df8a0fb12c0495c88f27d2dfedc4dba11e02e2727f278db38ed9421ac8705d8797d5ede233fe37482e8f505e6d13fdb73adfe25b646cb7cf8bc6de57f99610367d11cb6ebd821fcb0db27b330c89674f2efd90c4f4bdf5158ffc2d1842e3b189bbecf3e3de326448b92afb0db01edeb6e20e9b17f3ac8f7c9cd910869bf041972cf326306179f1fd655238c80fb2473fe0bfeb527ffa84450cf7b0db45d2c276c1c675e7c7f738c4a2e5bcb345832fa9fa486dfec91c90183409f409db362d67257cbbd42c3f62247f383b619f3b6e43f3bf567ea10e43f979b20c32c8a5150e9b7d93d3914f7e17727c2e63d5836ee1c96415678474b8fb768fce5130f21e4ccfb0fc31fd5f506337bf8fb2d57fc9848cce5b9efb07d4684faffabaa6c0fb1fc8f25b797bf05ed3dfce333757f2ee4deaf1c882c3e4f1c931d8d4fb0cf8d224ecbb07cbe983b2beec9430fa5af7fb646492ddd9c92f5b6eff0038730e7c130cfb0c1dbfea7ddba25dc63323a76c241e5ea649a2023dbf8b365d1fed82494f97c9df899e5ef90e47afcdd3654c72f631cf8f1dbdecfd47dc0676cb3b241cbd3e1bb3273beefb1f0a1db876505a136f1f3f53d8cfb307ea0e9fcc3416c217dda6491ab34b572cec16e92fc0fb8363f93f04c650ab60f2122796be16e320843393d7b7067c71f0e5f59e16ff0063d96bfcc36602e1d8fea033e10cbc74885f530fdc583ede7631f25f83c762d0bfc66ef9e91c72440b083f77b238ff006d3f0dc3f27c9e3848cbd27dfca760839d9324301364ec9cc9f721db833830f32de59b346717c3cb6d45feab797d321c4930fe4000f8585796facb7b7a8f7e0b997b8291ea7dfca89c85f61d7918db180fb6be58587c1d610c79f099d8f3e1c8ee3e01bfc50afb4fb31ec45e812e93b2c7b0e33fd947ab19cba44319f97456fe618cf6ebbf0096e59ab96da170590fd327ddec9b8ce7d7c163a99387c2c63fdddf61c9ecea38ff00c361d8f60b5b1c5f94e25ba763cf84c7659187b1965c47cf80d221d8d1f1c36d4f86dcb5c5a874c204f2e629f13db3b6907eac4bc763b8e12d873f28730fd47c6cff00b1a72d5fba18cf0b7e011abe1ec3c3e4693a22bd966975e7c07d5d16764e4e98443b65ec0f63bf01c1f90f6e085d86c8934e473b3091f52fbb2c384ff108761d7b747b3c6c30d2c1df87bcbcc93626a7d65afdde997dd725fedcb0bdf211f603ee0f5b2ae36025d61e3f93d10104de2cfe4ffb7f8b537585c453f2b1ba6d064b1ef1b77e3943c425ff0065e2191cf60cf81fc936c809bb338842c058fb763f27a3e264192d98e5a187c4ba423c9630effe07492de2e9a5fdacb811bc5c4b5b64b2e7c6e49b6164b2bb9e2f16eff2787c0dcf82261063a5efb1d36f3125dffe038c7b7d4fd25b78db790d63ae97485c62191e59bf0f2d6f1b2eb0bfc2c21a370bf1fa3e37fa877d8c8f239cb3ee4df81326e12c25b6be8b643a5b9f0756c6cc71983909b0f830f4c704cbd9322127d93deb2f05eb6efb6e4b633cb603f18e3b2a0dd1b6f7e76597ab36f179f92fa9f93fd9bbbac37ac6087a7f247a32c09d617c2a7095cecf97a9da27521ef6ee7e37ea1e571c6dbdedd125ff0053fd935b283cd96f2467c7a8e469cbcbdefc1d931bd24bdf87898e5b096b68e4bb2e43ee311f6586c0d969fc1fffc4002c1001000202020103030403010101010000010011213141516110718191a1b14060c1d120e1f050f13070ffda0008010100013f10ff00fb9e220a05a2e01d6659ebbfdb87d994220d206c873a4e2e550ca80b323cc5a293876ae1882976eeca10ab465860be34b0c0a5f3f31985e079bfea1fb6750fc8a930042b2ec264b08d06c6ad1f3994a261590395852232acdb8d5c44aa4c2057bc2e05b3e2ab352eee1d280e4a8150ca3652c8e0804701a00aadb193146aa37daf507082c0874b16bf6b5cd185b68a9aed328808c8c19d12fda2475c296dfaa508a9e04ad426cb470c79916cf718163e3a8f1941bdd41f81aa8c584aa31880ba834cf1152b88af7572ce856b88926f50b0e1f925df8e0832a5a4c7ed25a82ffed7a08099e54251e148a297d507dea53fb595c23c744ec530c67049be5a972c1507198b40b201855445182a112420347c454e8e1bfa115540d78b9482dd68ed8d2d1140b6b5f499b2fb1c67bc6b1696d1be3533d380652171a30cbfa9175e14e63ec4a43986621e6b5033d43e47d258fece5c43a06082228386e1c2eaa197a30d71dc0c02705b5f9819cd2ec8f0b652ed922225d61bf07f118db955cc559c102b2b5fcceb903de2375d82e2040ab2f57074a36aae90da3b464f875067eb6d1f15024e8a528a99a2b6ecbe60201bdbbca0c6980e2e0b167b9607b4c1d659ac3f111853997fa54611a820a2fe50c39ef0dd7ecd7f2b7014d886e2b904006855dcf1ca94f132433166209b7d5283d48b8291c48185e364ca4c636d972efd357a20174d11047b34c04ac22073071f728a3cd444663936b296e70bb5023031ebe129694aa1bc914845e5dca6a0e712d5a0793287b3a101c13830a8b63299c8fadc22a3908b9ebef08d0203bacfecbb534170428da9615aee138763aaf68c4d48702b8fb4a2d58ab447b01670c2ea2862807b2e242fbb13310d16ca8b8a13b8c2c9e63050710304dd095918f10725bc4a21070350329070b715cab3994335f584f68c57c4a713dd4147e5460253706c1604da8e596da46138f831c98757b5c7eca012572f40f9a816c58977945b3e537b97f5b26d6ddb10eaf6ccc6b5d152d5e6a39ab45e887153021e421442c4a6edc09ad56c154a360f535c48809784df0ccb0f744525239a8b1511876e81aa580d7e625cb71b5e008f0a3d63032ce42519485358bf128ab9bd13da5cada1e68bfd956012b697bcd7f74f7b27de5779b54cc99ad10f165ba388684ed7691d9284e267975d118b607550b82a3691aba9305401e413c102e543a54c042bda2b019c15f1060e5ed0a011e1136987086c806ea042a114e55d31d7787295b129a7a8e7d284ee153f65387178e32c745ab9fbc61e3d2f9999136823ec8f2a460ee4d9156a8de25903671529235046a950926082e6beb12ba07c42914f350003a894062a02b4bf33384322174002674c71a87d0a2ac21df34a3c47db6567719a5ce0b96bea88b84c772c1e0447d08026ec9da1fd934557271e596f5de0c4bd8cea609481504501539208000f694041b88306e5416e999899f10438b8e539216da59c119c1444a6e73a212a3b8150ac42a622c3026342f50ec0a958f0ebc40236b023a3292a5e2a67712db8a37f88fa80dc2cd7dbf64799431c2bacb10019ad998e9ac0013443fc51d4e951d4a1a0232d7c415a18cdae21204b5e6670d6651a73032e66070f3095717b8ab82e5a142a55c8e260ce7de5c05dcb1d07b4b471d4ce68564954c5b70d11215cdd703515e42a71b2c8c84c15cbbfd91544cca952b97ffb296a5157ef18156ecf69986ef825832c14db64b346048056b7e65a83683691211aca0564fa4edc413c98111608544733e140094a144b8b1c3a9581ba34c65bbf041bfdc00cdc20e02078a67e90b18200e4dc286ee8bfd900ca00bcc70581ad548d7c44838c8a78dca92680206ab626e8cbabb98091212a0c0987b46aa2af312db371032a65a212b54625b8fca52677e816c4a8311de9f33ba16d2ca80a00b806f9f32802c8e5545545c76002382fec932e46c1e26cd74be54bef634bc5c4654c08e3aa0826bb8dc97143844dca609b85b49316ef330cafd658d900986086e01e259a6e52316cee538d931b060b80252a313b3302d549cc290765e16222cbf2c41afd90d016fa0f6657890567598086888b98d1c605570434ab4c45708738a95ba95102a8a3a86d0af51a0f30660425dad41aa90ccb6c0ccd1ef2b5e4f50ce7d625c3cb13a1e5997e34ce0e7ed0070359fd22f967bcfe2060515579fb4af3058906e42190dab8add0232787f64e14a149db52a36dc5d232040dc1e12d92aa10ecaa8c7515298b1ef1116f7b6005039b7f51ce08d29fd40605af29fc4ecf500a47ec0e9120400bd33341074ee2b60b2bc82f8a28788a9453cc00f97a37309234376fc472f861581f2c2b43c517f0c33695a6a1a89bc81f3085c7087e58f4a643e7de0685b01ef55fb241074c009fe5e4abd798780ecd09c2842d941b6806b881d23716605db60096baa0fe6146361b7881d3419b7f49f2a01fe90b060633fd25b52e047f51745afc230a4077b970b55e08b9256898c9ca10301d44b5ff005c66598c61d5658d2fb0a0df02ca32735d43e88354f973bf989e7b25bfdd1e212d807f72e57705d0f929a6373b6c5abfbcbb2f2d73ff00c7eca4c25273c57e21918d8a98d8314f89876c252bc68148d3a8409fb2318362d5f888a9dcb7e047688ec67f12889379c7e22e0876ff00a9b1479ff53197cbbafc47d5b673b7da5c103042c7eb2ac2baff0022211c6769fdc233094fdcdcaa82949cdbb0c788eae1598a470b436f4d4338a825fac300c76e216a8362afd63e668ddb6300480937571ae00d6827f8541773a750bfcbfb2420de190eaae0d29ce7b4af40546c13b8077852c94eb1b981d635cbf765695699158fee28bf4425f66b682bed292e6d90a3e93106d9d22d0aae03fdc116a82c6e2d9c8130905056a5374bfc40c6895bce31aebcc5581d0e8f7b878c936429638c6e0e030ddd7f682f25943e1177a05aaf118fbca3cc25c2391d1169d1b19fcc177b1aca0cc0ed8d30a20b87ba7f7198ad7e03f88712db9a86bf646a07897c3132336c5261003da2bd4cb13d8860e6a59b1d616625349a2f82505aec14d46046b258fa546be6c2b6d98421c93cc335d5b1ba840f461547d21100303518e820678ff64bdc63ca7261705e63a4e5015c42ecff0044ad3d4e6ec704123a5a1bd4347dc2ec711d62dced5f794029b5513c47e6b5e29fccb83fba3fdcbc8e15214479f657f484c96e0fd94594029984817a766166f0aae81018700ab8cd83ce3352892ea6bd89839791caa5100be9998f766194414a21ba8e7b363630e558c5b2f442dd571328150bba11fc4ad3564a3ba806664e58bf4192e2883da0fb80bfc4d5794a8cbfeb81605de546c2cb6101b6f10ec6cd2636b1e950697a1dc55b696cbef70c3dfec9a02216eac3fa98f420882615cc1e8a168c6a113770f7fb4a88a7656a36a63ed1015c915ac138e770def63e109ec860a94672703ed0eab2218520dfd605821435c460614731c19a897b20ca3915c4e5cc0d5a66bf8bff00b71d08bb49761cc1bda90a9054b00e3a82195a296b54c0e1c18c9983ccebe834ee3e50dab35d4a8b1e6051fb1ac20146da56bed03264ac52d8d380b4098150057405c406223ce5cdc1314891bcd6a612daae8352dac52423c54a62a4e6a19d3c38d425b1dec81a6abc4666c9141c23f1311633c4f6c200983de5188985653569f4262fe0ae0c21973477c435396907da1ad5162ee52c830bb05bb3a85d5aec3b28370e7e2e1098718acaf7a8078e035607d020676907c4b29d16193888936a1cfec7b834a4a37eccb0b619316db388013735f0c068979d4e1dcb8bf54d900e3702a17bbd16f1c4364b7c3798436546535980b515b54640ecabb58263246b972937690069c051400627d3b469533a8482afc452fe5b812d1002b7165de66e30fd4a8855518870395442e089560016ac6a1f6597a6d965e18ba7903e08454ba34f738d4c7c8c43edf1e2d4c0aff3879f41bfd8a84770916178dda42a0a91e907a9a84ac5f3321c47605cb9a0d23cc4a4b67c2534f717b9ba61f66df79606d195f813b45c03e17052d4c91fad300ab6d65ef80838288396a20ec0b17f31151325b3e629c28c2404a17ca8ac872c47cb5c43f660a5550ca1a60d85dce45a2dd8db71a1ab9872c4434712d08a497f64a5ee2d3a2744ce7f104896719b2057ec54b330c62cc790bf994ad83ec2a5a1e52aeb70dab6f330a9b880b18836d4cbdfbc40b09588e562f996b2a730406b2dd07160dcb9bb6e4ae6baf32942600a577d4ed15d2dafac7cef14dcaea3551979c788355159ba96acb95e2a3bda11020b373216663d521696d711adbd4b177759626d1977091a05040afd8c989ce031767fd519aaa5c41385dd8c25d0698c899962c6a32cd1ed0536f99996c016e672a4ad324660fa8d3208a6ff0032c06d7701160da0a450751859d08c4140a043edc9901b3b861b5575d46cfa7a6564b4c005d472a6c42e0fb4d46b7c59e2057ec7f689721e12ed7356a018939399b4d1d100ce48010990a696275d14839dc422b417d2079da370962fc2252a87bec8a771da84c9204cbb35211dcb8aab1714723a8e6c06a0cae5b9b20055b0580861a9c8805bd998207588497a99c42e5500726a1afd8fcc01ac7f04a2242cfbcb639b4452193181882d9798029acca95d730a2eee1dd33904e29af984c697751dacf331eafbcc33a86752a142d5d43cbbd91734a68b8e92f19ffd29ff00683c6f99590b36879853582649788ea600d32456b742614b01985e3ef5177825fd0fd91c1290176ff13140087ba285a52fe6130246c25a254698a0b22fe8cc1ba24460146b316f7c0ea17a0f0106807398e4918a78808aae694157533718711073ce30b710293005dc0c8f2372566baddb0c1cc6e06341cc290ab586e59dec2413b23cfcc43a890ca86aebc4553e5c5bdc6a66c117dbf64a011d315a8b5476cbf0fa2e2b240b69c128556db7cca62eb8b8f71972c18a0254a44716c3130346a29b4ec16e5ebc52b60d1ccd09ff00b3092a4cb90470de96a4a73af248ef77749a84866ccb17da697baca3f111316c0bf5a8c0503213e8b8b5abed70842d457338c1968e2155a393996bc2b51f682f046f50db94007eca64fc555d190eae1afc40201219d9908311dd70a8c3a51e22a05da2bd6f7ca5a94f339a36a80a515b12e1c03b02e5b07718022d2aa08fca3d5754068cee9838e4ed0282bddb151017dc21dde4cc44871ea6d4d686151768b08045f805c76e98b0eb51885e6bd16bf65d36e515d8c48ec15de6a59d8aa8dcba4d3798605d50d45ea102ae22d683164228f7b800d2e10f32d5a9991224a2553dca61f4c155dadcbc45d770e01fa40bd8f1030f110ed6626095ddc6481d2f293b129f362e3e48debf6764df5674ff00ccab494aaf32fdddad4730ab798a85821171b154b64ad2a23355cd46299713042cdcbb2c98347419586950ee71b86b0c4f00596255ca712a3816acb8ebab9a8996653717614b2337274e15709d0715dd17fb385cb5fb9ff12ee0d48ae1d8c1bbc41056e38f7879cf96e3d65c4b09dea1b167b86ce13b0660f10162e40ca3ada092f0d4529788a1718d26235345103aac31d1afc543d156cc0b7a74e9d67ed028a35fb381aa148c577d0454ae1216ed59d441234799455079b6258496a33c47b8ab69d208511c183916bb6e05a4517965ed0611703da7913cb0090dd7705d953ccd8786011939870d43dd1a84aa388d0590a38ce3f31c5642e78e6f508efbf5a2ff006712e1e8b8273916b44b0d63bea0b6eb923576e3de5f5a5c4fa466e31355173998177f7889d986ad00229d972c078b662acb34c11f9e1850531cc71a0d6e11246d51c90c807b3de012a329f100cc00868425d90ac5d38f687f57b0065577e2bf68305415aca1e40950cc2db56750e85655b608d6d39c96368d3a621558ad432431b7a85c073026105b62a3ead28dee510aae333104735702f2dbb944a99384b12db0b418ac6502c2f9d54175133150144a230eba0e8190b01940307ecf20cda68115ef2cba84b102a35e263902e51b6d2df3045320ea04f8a115e4bdcbdbba0f98a5d8e967314164f371d2ed16e59b819cea102ab46a507a025bb6736130e22f48a14d15f5848c0dd292933adac5bf67a325a827a36d15637c4bc004dac238f6630d9048ade9802954892cbdbb839a34c0f30858a95abc6619157588840703e23714e6a28b60fb4181dbcdb0954750331965711c167d5571141b601fccb266ec37880350e25619787c66106d27f662d40b24b5704676010806abcee19d571e0a96fe61db5b9e29bfc477d3872444b39e65eb0e331eec90b276d94bcecff72a0e4ccb42e755c22548775321386a3206aea33276e82e3b463c5f987ab59497043bbaf2a9c414a2d9595c0ae8893588dcd83d4c3d685d7244e285fecca6ed023f94658726d569619ef65678c7f10bf3d31af1d5f6c31bf010d40637311add4b46cdc7710df3085b3a8c11982666765ae6cb818337af6401d636a5fbd8b252d21e6570a0f74cb402538b8573a652c233023999179868b8b1f68cb6ed1ef0c52844bc4719fd92c5c1cb4d5fab154587ab14e7a9bc2083bc465a39ff0032820a0a479884fdda07d24bb14adb13a820acf7280a6120e12e62e74916500f1172aa72cba45d1b991911ae13890c33a594ac411e61f268688732888902cda50577c4102f2fc4e376c8b2c9be6a3359507f64d2386959abc5a47761a75655fc5472b7b04759ac8ea2b0a3ded2998c40d20f31500027706b421d1e1ccd07508d300ac9f68278e52d9d10f314f092d563e18b5d03328a80e90541628bea2a2e5c30519b8262658b6518dcb25a2b0c14a84371fc1094f2dd417c829e2ae02fa57ec81dc0dc657e914ea0ca1401d1d4674f371458e0e58e2fb04a26624e903f3138e1ab2b0258aa6a225894866415422e18d2a43dad8a2b5f448148bdc02fa95b1922bbc0495686a2ab5962236dc40af8444c75001d54f34ac623d18f7834daa99bf104826e3f337892a1ca0ca9bf46ed957f68a7ec5d1140ab41cc0764f3bd6ce3e65b0595c42ab9715f1056706ea64045f79ebef19ae853416650d2cae219788a6757e229c252bc329782cae7cee1456d746182536ea2c0189ad23a19948e13ae12e0398012c481609948c1f78e462b9998d5b8ea1e081ad9160fc463a833e312c8834d449286ecd6505f04bc5fec13dbd2e820f99b55295ad18f29e07b99a78aed45507da02ad95cc1366660cbe6e2720b86fe4707cea717fc1d5f1702158a9bb99ac73c4aa3b83264d40595cd6214947728fd601abb188628e978807393ccd4608259a2634e3c42a382672f2f133f380c413430dcce0cfbc1355af4ee275109a1730072aab00467b1b5af7142e6aaf1242e261091260545ba79fd83516b9544d7150e063a2bb3ed0a947c93da32b95ab2c5a14e39961a830c4d58dd8658105c1659756edae1f100e43616152f7df513c330be65196197c5f84afa231c9ff54561858aa1f5622099eba88106eb7996ccd92c2d78fc432b69ccaa9c63b98adc7188770e8fac0318dd5cb871486eaf12b5525946d29290183d882ef03f103b8728522a7b25c17b84d7da399682bcf7c41bff00de1864bd506bdd97760fda5f0cfca0c6f6405a5d407dd1a95577096f40ac9a831063988a025cd66f994da221d27257b4734614d13d56b44ac72bd47556688a6de351e52ac65162c817d86a2ee59f56d112b9ac77028bc272945d198c37e258587940005fcb1f6810947a9640c218dc03aa7ff23c0ebe71411530d0a41908d6f8a8a04cd7b6869ea11c33382925abb191e195f0e08687eacb4a11e47d39ff00d55aff0003ee1cb2616b36c6f6be8ca708e8df5634525c2e9a09d476ce5ee5c4025cb48c7be6e510abaf4ab408ac318e48f75ae210150594dc604fdc68acfcc48eb3b4a81737a665e4cd77982338959b99c9622a3196ef05c58906d3f81320b110822dd0c375315f12b63382fea39b7ac2fe2531ed8cf00eeb5d90df15dcd07f5a494096daaee23eb1722cb1cee8b3f621e3318a32ad51dcbba0a14f730e203291e2174f082c3b6f68793b990abc43275d2a1ac7fea0f106d501db037bc0cc50d586e35f59522b6a341019ae6308b279664aeebb9e609c44188b70cab06a237b1d911ca986eef705a8cfb403b9739995388e1547bccd0f78d04b5784f32a060acd02dfb5434012eb860a8dfd22c2db0f5b4beda86c838fda685476c14e6eed8ece38c80f6aa94028b70af4724c4725f455ebeb30a5815e13c904307dc8892de2b88332a297b34cc7e4d5de31290071763bfac2075e70c71382681f0e202c416a44d45c4e5e183bccbdb1c3a2bb8913841db3a4e2286e2da9ef9617545806ff0031096648ea166e5ffe62d4d9005ad103907c9353d454f3172c66847cae776c0d5be584ac6bb9e43cca73733c0663c93c508c131a162ad2be32c417dd89446a9abb8ac9979a9e09661b9614143b986cfa6f06b5f10c41de5cdabbf99539c2273005afb13e7400564ea2913407b96f8783c4b1bc22022aa3c2b27247f8b184832b4d99d41570d4764289946e034dcbc6b32950fc4700074ce1c84b94afee5545e792e52e5f9b5beb2fa6b70a318f930f988c6a52b3f310152e517644dcdbe0b1e02dea3e1818ef1cd7b80c67a8a5547d080d6bc96fbcaebec1bffcb35a8816b44b777648585e808359f312dd44d1fc47c2af6b1d834cc698a4603030d5ee092d77736e65ba9db28108b1c6cdd0ea2cd52f75116cf6897037503485848d6847352f2b8cb095fc4d643d40eee0bdc0407c10d8aa206ef38814da05b2d865d1cb1c7056a18db339458470665fdd06090442cdcbde00511ab8a96dbcc349478b8b939462ff002e4d983fa8f7d4a8f7626109057ca0bb6d416715cc740ce46af1174587822d6868e21ad3466bb871ca64c285ac67a48344dd6817ad7397de14ba94742e09570dc9e9bffc6502dc465431067512f210703ed126eace25a729b883b77100d2e5da86d2e213c1965c14cfa299b8dc34449aa3d402724beacc356e8ea036c9a63b660b01a4002894aeb51e8a76e1567e2256105b366bda2aa88278460051101dc0cf5263e6f10c80172334a46520cdc10b5a931a18676d5c34366928d2a518371f32bda58d412d6a1644a8181243d0be565410b932e131f9838c21fd54443b86537e62126aec98a352ac23ce3e20547d1cd10b02dedc45580df99a53ad472b204ac34c0c5894c0be40acdb9a813442f89cff00e1dd4693595dd22e5a641b2a1da594b7f7191458b85e96e33965ea2df7b896a731db89dfebe985325455f10ab9ccab89551d90cd6e1a59582028bdfa0c63d28b7d4944c44b1ed51c9305d9218d654978f4a2aac8abec8b00691084b683b969325972b505f3507b6f6c3d740ea368621a3a4894d6516e002b151d2beb12a36e655887cd41ad3e91429b788ecd2612ca91a8f3789a072a83bee9e4a6e1e3c1e12bedb6e16330db881d494dddc2c6e194c4697bac11f7b254b38524002af9962788625e2a64c71535155521dd8f6b958403ce4c4d1aff00c151a8206a645312e072c9f74b623c1dc49bf25c30d2d52ea0d570e6ae54aacb3065bfe16e98bbaab95f889510b6998c91752ab026da8c3694f44b89aea246fac7a29cb59a80bf31f5707480efe251156437416d871976a9e9fb2cb890ccde84a5103b80ab2bcd4112acea5808b152e03e6104aa495c82d010036546c6975c4ad13069017618f10960f8a969544f699c87c541703131e2334dac7ca37c4dd5d631bf108e52461641a4ae896aec3c412aa55d0ca4bb1e6670de8b296874019b9957be7d930150e463677a9b290f7b8f6255af6a82aa4d82fbfe20a52b1572f35ff81ac4aabb1571825814a0b4632806a9810bf585808f8993cde2d2f51a8a37e805cb2b58c5a6abd179b80d880aea39f8940a6e60a28df32dcedc51707a2618557e8ebd0dda538c451a17e20527815d08054d4dbeba8d54a4740b3a918711e5c93046202327a62c387c5c232cd665f2b6f47901bf10081b09cf3ed0366ae24a554a46ae282d533eccc43a0beec5116015c63885170fc13c8a210625752f08ba118a6c83a5cd88d8e92cc6aeee3225d030c5d45f9acc750665d90b8aafbe251764b10a3e650382045475af311348d2868a16c34cfcb64d4afd6f0d282a35995456db73054ce860a6a7241c5dab89608a11db30bc39c111e3305729ba181f11308bc098bdfa00c54c7980237715060007510542ae20aa2acb18a5df0d7a20dfa533798ee002bdcba6242c3dae94a89fcc11530765b86304b07bde1fcc20649a773236543ba6166b0e71b98ea70c1c934dc527220ae17aa8a026de61efb6ae1b80ab870210018ee11da6abd99795c6af164cb2c27d809827639ee33573301cc6e7155326e3502d1c4a508393989d3a6e1ee6733156a7eccbd2b25421fc42281b2f3012e2281baa94a956f24554613bd625310732856abed0825989ef5faecc3835cb492d198badd5ee26cae6761897a71519ac82a69da802ca406225fa88a1b8304d445d3115b98dbc42ae732ce332d66344a43598ab4b71ccb0385bf4adca0b9788efd7725630c0e11b25f62b3776ac85378a3d5e259eb16dd85d7da0258dcb2919a27b4b80e66725b64013c55b332385d86e17c933de13095312a672b110b5c53db2db3e671255fe9144554030cdae30214071150a509c4a507c916a5e10e404c3371502559208d392ae56c63b0b52978cee54b21cb167e494cb25d4bcab8238254caa86f56b0cfeb5216e63cd8ff519b0c2fd6524089401285800a82d2f5291990611b2835003a886b24ab678651a253a88ebd13c21dd9822d546579123886932cf8ee25e1c7988f286923a8efd4ae5c6f67f309759671915f663d4834e1aba22c6105f269fcc4d04775dcaa20da131e4c43610c75b80e94b8b1dd02ca302e93f988f19e2332962a68c788cccd37a9e66b618f5b884ae15ca29b67dc8a15e2321c1cc50f12e3ed0d097898a9c5cc2a62ddb0bd83304da4bda3013c6b3007bb89818f638880adcc01a4952dbb7e263a468b7c419ad856fd6a81c38f8820251290c78251c6e3ca398fd1a4e494ead9dcc8ae1bb8b863d334222bcf3086bd421c2949afb1293066336c7b2642d60483022216e48e19253a8dde0c7b4f64a58ee9774c72eae2ba70fd962bb2a5705522fb56a75e26f9833215a1f78d4ce49a4f110e60d85db128b744aad5798cc688f1330b8b21b03e6211a841f46a3e6519be5158d2229bd4187812123df3f24a44630e23b8c2d7ef1dd7af132388e86c8495975308e46e1153820a7c61b062164975055443142b7371b96b1106376f72c1e0873b467555b6b6b97f5b8ec6c0baae12b42ee108314be6e1537f48d95d4562005c76b85b4ac6a604314e62990dfa25c69ccdf16a620a82b6b55293c3a851aa0f7098587e2225792d625c2c71c7a3169a223a7311d4d57d35368e6600e8fc436c5c2295e43d8859775a8c5fbcb21abaeb24dfd21a4005b3512a5d42121899062a30ac62542752d6189cfe263a7454bd20ce17106d97c65bbead5a860c6d315c26a8e712c5abbfc91656e6088d665eb770b359500ac46171376216d621da8b944c997af995d58c4bcce561b0bb62516c3aa4b981a9b328550072d45c9d719410b8b637a5fad6f1170950aba601462269e632984382e5c8472211855a2a00cc174c7552bd1c172be90171d6369f2a3d2ee54d1a88a80e446e1d5519a8a99a21bc0314caa9588051dc4a6a6afad5d66a0834e18040b615fec22e1298adc05af823462415488c5c5e3e46c07e4854aee2ca11b4bbe25eef84caea5c3ccb1ce2fb805ea210a857d6601818efc474a6c507ccc315aff0008ec8816b39f925011a05f31517cc324d4dfe90919f88b09ef965f3a17f98068e3789621c660b7d84444ac54c9f38947454ad99b3d089330b5853eac4f6d32fc3fd6d43d3fe259a28cd44b1619d233066114816352c0dd9160b33e20b3795130c6f11dda70ea6b10acc755aaa670ea53598cbdc6a9bc440b7b8eb1b8e8393a814225d9f986c1b19d0ea28943618f44a5c7aba1c7989a2c93ae7ed0ca57ad52633f98bbc8385ffc444ba6eca51bfb428d8e3a950bdc71b65cc5db0dcd2ae99b25d788ca612159b91712e97a80e1210bfc21f165c10d40d3d8a8724f9897d536cfc915c748182e4cbc2f130571518b278c42d6441f6a59dedbfcc519c4bd4772c3a9921965cc2e9540b1a308d86a858c1547b5b0d25926da5c7eb49d950387109ce4801e218073e2119e2371c10430c2e7f580a34d4ebf82e235b3424ce1c4635bc8fa1b170edb8acba33dd211a67d37702905c441db9970866a3c87372817b8835734c6a5d11ea63a8555a1303a9a32f38a518a597f27ff00095eba3f05dfe62115cec2338b97239c08415d404d6454cab63ea6f9cdf89d53ff00911b4c282e20178f109162a577ff001115eaa6a56e50d59b97f3373a9754ec5260d45615120544cce521559b84e3374a9332e552a854ba26e1f8d02f71099785e3e61b4d51a659b5d2bebfac5a161c8880bc08fe23e6ebd46a70f68f63998ee622f5e9504882ab32ee7229b94634a9af6840aca99a8b329abac47b3da76416188f31b2a283ab8856c38de663c662a19f131aa3ab300511b26866512a17bee5e6a2a219828bd4af8cd71398669aa11f763201498e5665a55b6505d5ff00706ef1dc321e3da03da60ea5f75813eb2a46c47f3016ef1056534060ac72c43d703f68ef50373ed0938e0fa11854583d9b7f9950af153a4416d3fde055446398366abeb0d09a8e880b496b878949e131a69201423a4cc8847bd5e2a55476bf551ecc015051bac7f3080510bc80d9138f0fe7f56144dc5a5a819e017ef8f9cee17ae2031bcc16ff00101eb52ca2e028c088c3301dd231e89705be25c70261a9a9730ed7104da6b3042c56b05cdca06586866599a23d6e3ebb32faa233318ed310a10460146228c472f3e815ccde91930829d91eb531ed74ff00510b141b90089f78b75b86c85c692b908e60b0f811f8e429951a751474fa1b09e4cc3165004a130ad1cfbc1195f32a406cc0abaf98852d7f29f373314e673cc645350daa2e156052b12e4f110b73719b6ea18be92f25e39a80a4949f312562d4fa5f31bcf12cef881282aaca9411ba7f9fd6398a2ac7b45b555b6e7298537962ccc02d9a8358cd4da6310bed799891897e3cc634c8ca5bcff9f98656768f79966eaaa10a61b619b344619e2510abde62d5ca31d4476a8417d6e368e51ef25bdc6e392712b0770d750150abc3fc0051e6001a318990ea3475a10fab0d294c67bca9764f1e6b8f6814a1a1ab177f59b4240f44b82479c2229cef88608ea6047716014a6e01315535687f989d1267f7ff0072a1c003d82a5ed51d98ccc538afe62a449505960bdcab1ed2d26b32961552a1a2198c47716f398bdd2ca1dc03ef98cb54baa86f277551d1b9ac106e5de258b1e61f2d68462a3c57cfeac1896fb64299bed519e2d9a218b99a1c328bd4b486eaa5361c6a224964a44958b188258ee041aa33e73041218eda8f5a97c31144e78949ce499e620121abb2319ab22dab2f97a824d2393a9521153157ccd5f42b3262642278232337a57aaa9516d98691ee4252c1a0ae83d8971003c842c57de344de98e4412c25878cd3f68d8fb50f318660c648255c3bb33174a3d37111ae51e000fe2695a0f829fc4b03a3713ec4b97f10dd315fce5e8bee2a056e0e3e22bbed52d6ba1882db597814a611e6470eab32a5cc96e5edc63332034ce42542f011806c03f2c62660950831b2e20870ed5cb1d8ecfd5d8eb5587c90d156e2d75dc11e4814bd476ae8ae6301b112e09ab0f10aa25544a566542f5e63b62d0fccc9cc2e6d5f129cf71b55ba8acba8ed56ea6510db1dfa10a772a869f370c045906b8713de8bc4750db7318dd332cf7c4d90ab758f574b0c0d31a6948708e268f185dda02fed08d2b47b854732a82cac7de13ab1851160ebcc1ef15c0d94d732cc6d39a8b2e2a36986a53046a07da1a187fdb8ecc6577b663f531a55aaafe6114605982d2ef88c3dbfe62cc169d4028b57a997982cb3da289d4581ca0d01b82c5e22d57960bf6b2b122b351da37e6175f191a32df445ca2b3a65c070b14b18fb4fd50d928c9bddabfe23b9b18402e6d9b38b96c21d5e6e14a9ef103bb1750883e6a591d752e267e4cb65c5189b325cc5be3d071151599a9b966d519b023d0c7b4a59cedcac56ae211ce2739a84c2afc4c1edae5d67516d8a9ff85dab4c16ca09bd2cebc56f10572949074e2f915be3ed187e6d74d8e18a797baecb3f8972f15e959af98117bea34ea33d830b23580b0e4cfbc434943499b70dd8c6c768e5b7de21af7840255e84683d4c547d658ea6850ed36c5161c7a548857f12ae57b98a5392332eb32d9d8c6406588b7ca4dfde3acee1ab3f55c11865a6c2fde28322f88418cf7157729d4a3ba6a058b838a2d5399a88b1d0cfc4576e9e206516046b1ab1b288ea12951290dee5c08d3d30570799a9c4cd632c85da4de6a5549b96058792605ebd317e620b2ae01ec262a509599628a7d6bbcd6725398e457472aca120441848ef2d33d24e44242972b9f985ca00ba0d7e62d5a898096dd9788217300e502dcc605624738081423650ac221f4a9c5554a4b09c039aee3a5942379fde229f11d0c019ccaa172e6b860d28e60a2d4772bc7823c9f3598a970dd8990f6c56933af52c85994d7b9708e21e746f57147c0aa894cb4bc296eebf5670b4bb4db62c04f07eb06837e848a198c28e37053e11c8b4ab9801e76c403182b898e73f681455e494083388969cee56b2c7060bfcc4afbcd23f95627180b1cc7aea632f3ed3491dc4b056e22142605e3042a83750e5729751967d5d4eaa2d3408bab0732cb6a2dc52d8f8c0bf5955493e4de3fa8f6536f54ee5c4db45dbc8fb1f5979743c4b5a9fbcf11b38ce63ab97c5dd375f68b9c0dad6a1a5e2a12686bd28149e21bfb88c57312e082925543b81bc445547b58801d6ba4d81c652bd315c724368c427a662a621ba6aee0e7dcac9d472b5a3ed0e4dac4c90b1fe11dfb1fab604d59baca052cc3b2d809865b6cb83ac312c5f89505aa4840928c4bf92ba42772a1526bd1786a375d464f112cea695808f08b54ac3f13521bbcdc2cee732908ee51793d0d62d01337008b9667d4575170cb61e8e38d91c172e922ee073b380a867695dc42a986bf79564068f28350adbacbdfde62180534623842b8826302fb663782b0f16071d40b3a2588acf99b7dfd29b60f10af729f7451058d997379971ae1cb381943a270002a106388d5170ac32c7cae226f9978075a2cab4dc605757040a634b0c8b31aa9b9f1319db223e3f54a56cbf81617f66adf3831de44b34ea5511a9e3da7d19889e732f4683da61ad72cacce48ec18c60a3110b887700227117025c4713125c52e8884782219951973e6516333b88e21589feb401b23a9868aee35ca3a5976c315d9bf4c970572c85a5398bcb2ae80a7f13000d094329243845d707173269c57b12318a9a379039f79437852a3333bd5b6e1622e803cddc1e2243baca93cb8b31e599565084336f78b30c7809688e2231ba9bd712ea1dad44d1db08a730d97789900ccad7560310158e25bb6a56b818eb56a1a8ca3ccb102b4e23425911a16fa2cdc6763c50b9b3f50ea12000ccfba305d0f3f9cc1fb62976573081145f10336710b1352de32122996cf2cb7368c92e0672a4894cf730d89a9857ef324998a60ca01cc6b042a2b300309bb78b98bf43232bb1cd4d475335212295aa6541a1946b7ea2c96ea5f31a96aef1170346bd304a01e05e7fa8c4ad2d3ed0054b167630955091802587d48e039b0d34abfb1150d92904c04c1346dfccb706c1010b50fb617129fbcfa60c73007acedf984e339ee3513eb2c9bb1860b7044b5c9341b58b7fdec81a0c3386ef89d46ea1915963851861502e5e4e2f7020b1950a2bc42ddbf68ea2deee59a60d87cca1fb0d3a2067f52e95adfdca8aaec1fbadc679ccac20d24a0cd903198d92d5c1060a0310c6e22230532f88d5ad9b2e12ea8c72d18e6227115f49881d4b0c0467246d1a22e2d7d253489ae20d9dfa3471189b98ef88364b7e25d666d392c7983729ff000bc3a869abd4bbb84d58a287d09840a5110600120bc00abbd2ff0007d2152d5d6901ce3e2167a514d32fcccde287c238d3031f62dab995399cc679958a97d09723021e310057c44212540730dd2e52aef30d9153018b2888003f49502b35297a86e92eb4c25c0c5f22ab894379892067c4caa36c63085831c4872a80abc56b56dfe63a7f5385efef9191a42b627fa53594830c7bd156cc3b94f0d9019885ebd4308d40bdf1a96b3673bdca4a4238ee02c26d1164a6bcc5d9a9501978af4d586df41c52ba8d54b311e9723b8da448605e12f15e979f455f18f5cf12b833b80bcfd599770317192e32b504c32b1965df9256a1f725147f88d5a72019b462b16269cc101aab97407106ee238402e3a254abba711adb75fb0458061b8f91153982c6380c362f51b0060c5bbd1b5e59c6ee2190ccc6d08ee22ce104860a9d6e0d4a4d916eabce629ea7108b0f365416c972b4d7d3f55861562bc244acf32c55662b7b842519ee65db71aab4cc7178836389715840bd19e59798ef10fd54f625c56a4c51c30d8f71d062e688426331d9348d6c4805952d479894cbf71ec82c6231889a4a82a3639948949a877c4d9e952eae580ea5486de238b13c244a8ee25e1fc40d2c10021065d440cb4e446ef897a232880f84942e8d2bb4aa6a24236c54caca20954cf731e6b11392db035929fb98fe210aae60c8f32e596dee2b234e25b4e3a883d2b0940b9e65b5d406d4350074401d88e735cd472ca97515dcab12e34e25caad79ea5222d296c0dccda9ef04368d26a7502be9fd475fa9a94214e8dd6be25946d835e5752c16cc2e07cc1e559ad79cc66e4d41652a802e9d4ca891642930ab371d76a6e00e018d7a946e5672dc4b1db34f99a157995530115a8202595153f3e8aac2883958293348c39d4765e23c4c3a8820a1c91c667506ec99bd4ed412dd91518245ddaf3d47682cac5b3a256801648c49692997503955e2a898adb0d707c4b5b097d6d8bed1be6f50d05acea268b21dbb8835f72cae46f9154aa9cb2df31e058b38968a41038bad7cc0c3ef16cae03aab771ac093248173294aac31eda3378965ad9e2608bb74ccf06fa8d90653355871303c344b58e748647ea72014ae0140e1882a3300b975a8f25f99e6636e6382c9d2e25b242368b85003e219530f04c650114bce60caa95142953a8aa0097809cbddcc0b11e2e5716523896d9cce7712c7de2dbe8ac7a3bc5d40a96aab978ae21508aae6282a9b0ab3706cf50b1946fb8c9009de141afcc0cb5bc3922a0bac11f0726fb8b5c35546566e0adea0053b89c0b9784db51145e48ae50473ed136694bce5282fa96e78a893345b62fb4a8677cc3d4414d77112da7b6680add3fee096dee4ff003067dabfee574a4db9fed1e87385b7f995b9d80ff707d27c414014e208727b99937294596e58806ea74a69f5997b5fa94e08fa2910374db2f188a56e3340314392a52266c8c0dd4c1f0b958a5c5cab100a454656c7b4c38f847fc023bc798e448e9706f368af6c4771a918256220ae3d15f7ae3a8b2c660f0a8a96e1ea3a85115a0bed176979af44b8e09847425ecc3cdc1bf541a659d0114d0971293bd5b6e8bfccc53abd4211ccaaaa5b8161ba7b9b6890b09d38d4169b50b0e22fcc159a117f69968da7d51a21788f5151d12c5a8d45521196b24b1e08dbcc6aaa7bc2850227408d20a47717cc5c4bbc42fbb10c352b55052d39e61853b801905c8434000bd7988a9f7958a40daa664fb2dfdc3fa8bb734b95fc2111858bcab0766e095767110b66099770a608a4e9505b0c8b055aee18102e94c6adc3a2afda55dccc406ae584789886ac96a61a152a56e36abaa8a29a223dfd25ae08db16b2c7356c4a1f741636916bd06597886a7a58248dff0086b880d1586e54ddd725386d22e8f306fd9a8d895bbaa0227e235f78d460b7b2e2a74dea205cb3082621c26b37507c9d1b6c6625bcd3028ce4f4f81a4a779815db405ca07582af8b252ad2d6cc2fc07b3815d27cb216147f284e17e73ea02311c01ca947da34d1a584a0fee6f85f94a42ee654d5310758986aaa620e20b1521fccab6914b3dbfa7bcd4e01a696054b1eee727b9829d42a0d4238494a8856425ca54b2b67cc5d5a8bbbe9317cf7063a11820e7b8fda39dc6796dee18a5ba8c922c2b71392cb0bbf4d91e52d96fae98b6731dd310a794bdee21488aa694972c5a788459ed4ff008a002f51dd915343925fd5883c25d3e6066552fe2006105aa969dba23153d92f8835286e05b969863738867de5416a06a052b652289bde210c2e3d7c46f7503688726388ca115cf6c5ea683498c5deec156840d3f3a1053fca512b9c8a880e4f9652ee5f2358204d711978b8021bb8cab39c30afe656a1858eab62589b07d9fa8b1f5f822852623eb88a1892805ef2bab44c33688468885a798d5b34ca2595096de3a81d5089d5b848c398b966e2b54c24528710d3f7e97548c166bb8d14f70384556ddff9b77b7ae6e6382ac66559a0187959acc0f40cc9918ee4bc9ff7995d2261e7fe22fbac6dbad1f68eb0ba04c7212fcb9416f1a9822a7dbfcc23ee21dfcb52f9b7f71f129ee02b7882eb1d4b1804f05b8f9166886bd10e90a0d5b0ae14cf793de40ab7300e4a097a921160554b6033a96c4a6ee0b87332075002416f52fb561e307ea31ff9b1134003ef95b2e92e14cde2e08c2a02bb82c19945ba16e05e87de00684648be6296e3cc02d5dcc342f22fa4572fb4e540c9b0311af101bf333df11962368dee1759dff90e66c86fd1970fc40b251ca600625e356c76358c2cc8addc677e8d1c4436c80621aa7708719f38df4446432869e210ac82b884504e0cc1a5bae21096af10c729262b90cd952aad8c6f14ea006388358c331215378451f0819be187eda80c986f4c40aea25d9b983988a94ac6251b130be88637b4b825d91581026a66c13c4b19408e1b77771a8e2b4eb7fa70a8aac4399f68c0693f9b010ae60da0d333dc6105b0c4342548f1c44dd4456e71069b993067c9296c666248b194b4e60c060c788b297cc4da166223946d496ee0d9fe14c3706c6e068bdc4b82d86b52d6adcd29b201b1984c2c9dfa8d5dcea5904dd20b145afca159702d8c68b317788890cde6c99925c0c5a098a838aafb8651b8633163d511f3a4b5c978697295710d8308e6660302c03323030c18e212571318ea217e88590a14d103739b9f92669d11892c20045825688cd98a7b7fdc0e240216a1feff004fc91cb51459eccbb2f9bf2ace63994c3b802f246c292e0d97112306636e3acf30e8afa23db23e25e508555cba66085e44c96c92a35a650a87bcd9f79b3de05b30c4101549a337e486026e5f497d09b5d4c55f9410ad407e61b8f24dfd2756c21b90f128bca443c0b15081a3d14060c2ee15c012b5818478db162d111e7194c760b710ab620b67bd6a208da84620c3c80eded19de47fba6702592a8631559182c13a02182f232ee50f1302eb104aa32e7502561d6a50980d333cb3112a06ae2607370f654d807de051dca568f316db322b9213eb011393f4c6a60fff00768ce63699ee58825732873f596313145cc4f7cc370b2aa16e25133b8db8863821b5efde50d314f6f300d330c9399927998338a4d571441ccd3edfe6eabd181053512ddc2242f897d118ba30896eb99a62a0a223f13238191f6842eb48b929543aced566a6e0dca6ce6512659c4a2ba5d461c2f9804db1f465721873d3fb9cdacb98f2478b9509ccb3b40b7081b0335e960c332b599678949dca2df30597ccb50dacd7e62a65edeae1514f6959506f8cca0532c4dac7980c820dfbc769917ba7f4c6a7b94dfca0006e97e666e6a54ccb5e09970058368b99e5d91018c8ea2a50446b199a6c98daa46482c2e42415b7e6225ddd42c16ccdf44309c54543997a45839f4d3edfe083441596e253b9955a9b80adb8dc593333a540a94262a8e8290d455e3988dadb10f3d1dfa156f4d4e439dcbcceac9600bfb41cb4410783306fb94dcb55d07e63b00979f57d4b9444ab094a64af10da49383fa40d9d63c9b7f30a2b1217ac7f532570620b484a91049ab712b7dc5ed80d2db7e9506e5204bc81e1103d402c1b48687adc17a6c9b22a339cc201e599120c833e20081d18799400e32b2e29b1ed0590721edfd3d83fead15abb5f996546e2eab32d225440c013c401464e2007ef505327bc2bfc656970dbb371050619aa9984b4ccb03442af7110392282e58e87a3a086a625388979b7a2816c4267d0698365c01e654578b8f3b946194efd2cc30c6445b8b4d8bdc246f3cca626094aaf2cb6ee143af85a91cfd63522325ffb547f61ba8b2c2bf889e5acb22992cdc0d1a08737120d08822bc7528e7d6f1a87d2a1580247b8245002a6e98ea3c4452a202940b18801b69e23d66986fe12979956223398acdc0f9a56a9aa8550e66305a23435bb8942ae12361dcafba4acb1518aa999a0cdc192d1cf8044b3f4d7ff00fbb422f749fbcb98e330959803c20e333d79a9a9ad22834d4b6cee344b600aac306aafc105a8ddb4633d87bc6d50d300e5da50eaa6b8e8f69a21a8cacd7e8b6d5fd20dc57bc40bc7a6617a1b996564e606b72d1c4f3455dcbb4dc659598110cde61105b31984197da5572b8bec1559750589eeac61f885175b8c69cce9fbdc5a85962bee9055e45df656ee88600319bbb2d61bb66ce8ea021aab2e013c47c8d12d0f44742e8834bb8485d318bdd1dc538bf88a016770fb461aa3ccb5239622b7c4f2833c151d878c416578dcd404b8e97569898a821898cf04dd75572e40251fa6389ee9fce82064cb31dc1a2ae789a2a44b64f686f2b2291bccbed6a25feb1d2091dd318d486e50a2c08006ee0c5ad50d699263aa8463a48b60f882562690699aff00c101671e8aab5b967a20a37e20e096e3fc2b12ae20623dd4ab734355a816d59b8664d899ab6cef715db90aa8a9d6a3ce55728ac1da19ddc3a08c2aaf38e238654b7e5586cbe2a505ed94ace2086e8854b9f199d561a89aa77e83b5d4b5b7ed002e0da32f16ea5b5e58f6f3dc35348e6123612ee091312906230323115d02bde5467151b20c3dd988023767e94d424bff006a5177b65764417887816a5354cb310da8a8951eef150112cee61a2deaafcc6a8152ea768b37ec788ad7c4b51ea3bc1bb22e92a077e8ec3e86cf8ff0d6e3d069c4fc1e82dc34c1a9cf9863d43537fbc028ae5513265a83e52d1bd17defe60a1943190bca133f3d12f1c3780ea3d14fe74ce51dad538cdd78970e4b2ea2c08d654a0ce9dc5228d082f4dc40714329dc41361aa96a9b8e69d47a32473c4af5e594d7302a0d0730da5f7844d0cf30352eab98a05c42c00756c58376732816c56a53a2efca2ef04f747e985ffcb94fbf60db2f5da01b65e633ef04146fb88770733b928c168822bf6c2bdafe25cd53126d85f29705c6f88f4389683c989449bcc61165dfa6bf414df0e3d715e6574d7abaf580d8d40c798fcfa2d4364b0201e996805b67784dc4182d08d7009dcadb434b0fcc00a50a944a0021c0bacc4986c2ac199c405cbbba487371da3bcc6ab48ef6a623a292d656618d7a3631aee5f71961665e265ac44b8a944f0388bd00abdf718a91cf7318833ab9416e35dc4586cf797372bccc45fde3705430db9bf850a1767e1fe99c477fdd08bddafe602b196b12f2c81b9ccbfaad712fc262ee0cf7655e2151d171007220ae2bda00a4bde2187a7a2a8257b1031982dfbc4b9404a273f681417e88a5f7066afd78ff0080b7b67e28732c66102454e62180e09735aa847bcac32e411a7147eb00956e0ee13aadb41a25c9c6a838fb454b72b1fea54ce4239b441bdadf8976a32544c2623b1d3d164bb8e5de88eaf32ef2f7f5a2c0dc64b12a5bba6a2a7b7adc9c2d291698d5619f79754abf31d35be618c65260e0db7dc9e4cfc2ff00f7ffd9, 'imed.jpg', 'image/jpeg', 5);

-- --------------------------------------------------------

--
-- Structure de la table `message`
--

CREATE TABLE `message` (
  `id` bigint(20) NOT NULL,
  `date` date DEFAULT NULL,
  `text` varchar(255) DEFAULT NULL,
  `receiver_id` bigint(20) DEFAULT NULL,
  `sender_id` bigint(20) DEFAULT NULL,
  `content` varchar(255) DEFAULT NULL,
  `timestamp` bigint(20) DEFAULT NULL
) ENGINE=InnoDB DEFAULT CHARSET=utf8mb4 COLLATE=utf8mb4_general_ci;

--
-- Déchargement des données de la table `message`
--

INSERT INTO `message` (`id`, `date`, `text`, `receiver_id`, `sender_id`, `content`, `timestamp`) VALUES
(52, NULL, NULL, 5, 5, 'Hello, user2!', 1715979001778),
(53, NULL, NULL, 5, 5, 'rezrazeraz', 1715979234731),
(54, NULL, NULL, 5, 5, 'rzearazera', 1715979254818),
(55, NULL, NULL, 5, 5, 'rzerazeraze', 1715979263378),
(56, NULL, NULL, 5, 5, 'rrrrrrrrrrrrrrrrrrrrrrrrrrrr', 1715979269636),
(57, NULL, NULL, 5, 5, 'ddddddddddd', 1715979295324),
(58, NULL, NULL, 5, 5, 'ezeeeeeeeeee', 1715979419356),
(102, NULL, NULL, 5, 5, 'fffffffff', 1715979534638),
(103, NULL, NULL, 5, 5, 'fdsfsqdfq', 1715979552235),
(104, NULL, NULL, 5, 5, 'rrrrrrrrrrrrrrrrrrrrrrrrrrrrrrrrrrr', 1715980010078),
(105, NULL, NULL, 5, 5, 'reazrazerazera', 1715980095328),
(106, NULL, NULL, 5, 5, 'razerzrearze', 1715980158481),
(107, NULL, NULL, 5, 5, 'rezaraz', 1715980210399),
(108, NULL, NULL, 5, 5, 'dfsdfsdqfq', 1715980379520),
(109, NULL, NULL, 5, 5, 'rzerzarzera', 1715980559965),
(110, NULL, NULL, 5, 5, 'cvvvvvvvvvvvvv', 1715980594326),
(111, NULL, NULL, 5, 5, 'ddsdfsfsdfsdddddd', 1715980633987),
(112, NULL, NULL, 5, 5, 'ffffffffffffffff', 1715980654636),
(113, NULL, NULL, 5, 5, 'ddddddddddddddd', 1715980675543);

-- --------------------------------------------------------

--
-- Structure de la table `message_seq`
--

CREATE TABLE `message_seq` (
  `next_val` bigint(20) DEFAULT NULL
) ENGINE=InnoDB DEFAULT CHARSET=utf8mb4 COLLATE=utf8mb4_general_ci;

--
-- Déchargement des données de la table `message_seq`
--

INSERT INTO `message_seq` (`next_val`) VALUES
(201);

-- --------------------------------------------------------

--
-- Structure de la table `presence`
--

CREATE TABLE `presence` (
  `id` bigint(20) NOT NULL,
  `date` date DEFAULT NULL,
  `presence` bit(1) NOT NULL,
  `utilisateur_id` bigint(20) DEFAULT NULL
) ENGINE=InnoDB DEFAULT CHARSET=utf8mb4 COLLATE=utf8mb4_general_ci;

--
-- Déchargement des données de la table `presence`
--

INSERT INTO `presence` (`id`, `date`, `presence`, `utilisateur_id`) VALUES
(1, '2024-05-16', b'1', 5),
(2, '2024-05-17', b'1', 5),
(3, '2024-05-17', b'1', 5),
(4, '2024-05-17', b'1', 5),
(5, '2024-05-18', b'1', 5),
(6, '2024-05-18', b'1', 5),
(7, '2024-05-18', b'1', 5),
(8, '2024-05-18', b'1', 5),
(9, '2024-05-18', b'1', 5),
(10, '2024-05-18', b'1', 5),
(11, '2024-05-23', b'1', 5),
(12, '2024-05-23', b'1', 5),
(13, '2024-05-24', b'1', 5),
(14, '2024-05-24', b'1', 5),
(15, '2024-05-24', b'1', 6),
(16, '2024-05-24', b'1', 7),
(17, '2024-05-24', b'1', 8),
(18, '2024-05-24', b'1', 8),
(19, '2024-05-24', b'1', 5),
(20, '2024-05-29', b'1', 6),
(21, '2024-05-29', b'1', 6),
(22, '2024-05-29', b'1', 6),
(23, '2024-05-31', b'1', 6),
(24, '2024-06-12', b'1', 5),
(25, '2024-06-12', b'1', 5),
(26, '2024-06-12', b'1', 5),
(27, '2024-06-12', b'1', 5),
(28, '2024-06-12', b'1', 5);

-- --------------------------------------------------------

--
-- Structure de la table `projet`
--

CREATE TABLE `projet` (
  `id` bigint(20) NOT NULL,
  `end_date` datetime(6) DEFAULT NULL,
  `project_desc` varchar(255) DEFAULT NULL,
  `project_name` varchar(255) DEFAULT NULL,
  `start_date` datetime(6) DEFAULT NULL,
  `status` varchar(255) DEFAULT NULL,
  `team_id` bigint(20) DEFAULT NULL
) ENGINE=InnoDB DEFAULT CHARSET=utf8mb4 COLLATE=utf8mb4_general_ci;

--
-- Déchargement des données de la table `projet`
--

INSERT INTO `projet` (`id`, `end_date`, `project_desc`, `project_name`, `start_date`, `status`, `team_id`) VALUES
(1, '2024-04-17 00:00:00.000000', 'dsfqsdf', 'fdsfsdf', '2024-04-25 14:21:56.000000', 'open', NULL),
(2, '2024-05-07 00:00:00.000000', 'Proj1', 'Proj1', '2024-05-18 11:06:23.000000', 'open', 2),
(3, '2024-05-29 00:00:00.000000', 'Proj1', 'test', '2024-05-31 08:56:35.000000', 'open', 2),
(4, '2024-05-22 00:00:00.000000', 'dertyuj', 'Proj1', '2024-05-31 09:00:46.000000', 'open', 2);

-- --------------------------------------------------------

--
-- Structure de la table `reclamation`
--

CREATE TABLE `reclamation` (
  `id` bigint(20) NOT NULL,
  `date_cloture` date DEFAULT NULL,
  `date_soumission` date DEFAULT NULL,
  `description` varchar(255) DEFAULT NULL,
  `titre` varchar(255) DEFAULT NULL,
  `type_reclamation` enum('BUG','DEFECT') DEFAULT NULL,
  `utilisateur_reclamation_id` bigint(20) DEFAULT NULL,
  `status` enum('PENDING','APPROVED','REJECTED') DEFAULT NULL
) ENGINE=InnoDB DEFAULT CHARSET=utf8mb4 COLLATE=utf8mb4_general_ci;

--
-- Déchargement des données de la table `reclamation`
--

INSERT INTO `reclamation` (`id`, `date_cloture`, `date_soumission`, `description`, `titre`, `type_reclamation`, `utilisateur_reclamation_id`, `status`) VALUES
(1, '2024-05-03', '2024-04-12', 'ss', 'ssll', 'DEFECT', 5, 'PENDING'),
(2, '2024-05-23', '2024-05-09', 'sss', 'zz', 'BUG', 5, 'PENDING'),
(3, '2024-05-28', '2024-04-29', 'razeraz', 'rzearaz', 'BUG', NULL, 'PENDING');

-- --------------------------------------------------------

--
-- Structure de la table `sous_tache`
--

CREATE TABLE `sous_tache` (
  `id` bigint(20) NOT NULL,
  `is_checked` bit(1) NOT NULL,
  `text` varchar(255) DEFAULT NULL,
  `updated` datetime(6) DEFAULT NULL,
  `tache_id` bigint(20) DEFAULT NULL,
  `user_id` bigint(20) DEFAULT NULL
) ENGINE=InnoDB DEFAULT CHARSET=utf8mb4 COLLATE=utf8mb4_general_ci;

--
-- Déchargement des données de la table `sous_tache`
--

INSERT INTO `sous_tache` (`id`, `is_checked`, `text`, `updated`, `tache_id`, `user_id`) VALUES
(1, b'1', 'sousTaches 1', '2024-05-04 09:43:34.000000', 2, 5),
(2, b'1', 'sousTaches 3', '2024-05-04 09:43:34.000000', 2, 5);

-- --------------------------------------------------------

--
-- Structure de la table `tache`
--

CREATE TABLE `tache` (
  `id` bigint(20) NOT NULL,
  `comments` varchar(255) DEFAULT NULL,
  `date_debut` date DEFAULT NULL,
  `date_fin` date DEFAULT NULL,
  `description` varchar(255) DEFAULT NULL,
  `nom` varchar(255) DEFAULT NULL,
  `priority` varchar(255) DEFAULT NULL,
  `progress` int(11) NOT NULL,
  `status` enum('OPEN_TASK','IN_PROGRESS','DONE') DEFAULT NULL,
  `dossier_id` bigint(20) DEFAULT NULL,
  `superviser_id` bigint(20) DEFAULT NULL
) ENGINE=InnoDB DEFAULT CHARSET=utf8mb4 COLLATE=utf8mb4_general_ci;

--
-- Déchargement des données de la table `tache`
--

INSERT INTO `tache` (`id`, `comments`, `date_debut`, `date_fin`, `description`, `nom`, `priority`, `progress`, `status`, `dossier_id`, `superviser_id`) VALUES
(1, NULL, NULL, NULL, 'dsfffffffffffffffffff', NULL, NULL, 0, 'OPEN_TASK', 5, NULL),
(2, NULL, '2024-05-04', '2024-05-01', 'rzerazera', 'rzeraz', 'High', 0, 'OPEN_TASK', NULL, NULL),
(3, NULL, '2024-05-04', '2024-05-15', 'rzearazerzar', 'rzeraz', 'Medium', 0, 'OPEN_TASK', NULL, NULL),
(4, NULL, '2024-05-04', '2024-05-16', 'rezarazrazraze', 'rzeraz', 'Medium', 0, 'OPEN_TASK', NULL, NULL),
(5, NULL, '2024-05-04', '2024-05-21', 'rezrzarazra', 'rzeraz', 'High', 0, 'OPEN_TASK', NULL, NULL),
(7, NULL, '2024-05-04', '2024-05-07', 'rzaerazereza', 'rzeraz', 'High', 0, 'DONE', 2, NULL),
(8, NULL, '2024-05-04', '2024-05-05', 'rezrazr', 'rzeraz', 'Medium', 0, 'OPEN_TASK', NULL, NULL);

-- --------------------------------------------------------

--
-- Structure de la table `tache_members`
--

CREATE TABLE `tache_members` (
  `tache_id` bigint(20) NOT NULL,
  `members_id` bigint(20) NOT NULL
) ENGINE=InnoDB DEFAULT CHARSET=utf8mb4 COLLATE=utf8mb4_general_ci;

--
-- Déchargement des données de la table `tache_members`
--

INSERT INTO `tache_members` (`tache_id`, `members_id`) VALUES
(2, 5),
(3, 5);

-- --------------------------------------------------------

--
-- Structure de la table `utilisateur`
--

CREATE TABLE `utilisateur` (
  `id` bigint(20) NOT NULL,
  `email` varchar(255) DEFAULT NULL,
  `nom` varchar(255) DEFAULT NULL,
  `password` varchar(255) DEFAULT NULL,
  `prenom` varchar(255) DEFAULT NULL,
  `status` bit(1) NOT NULL,
  `type` enum('RH','EMPLOYE','ADMINISTRATEUR','MANAGER','DIRECTOR') DEFAULT NULL,
  `poste` varchar(255) DEFAULT NULL
) ENGINE=InnoDB DEFAULT CHARSET=utf8mb4 COLLATE=utf8mb4_general_ci;

--
-- Déchargement des données de la table `utilisateur`
--

INSERT INTO `utilisateur` (`id`, `email`, `nom`, `password`, `prenom`, `status`, `type`, `poste`) VALUES
(5, 'attia.imeed@gmail.com', 'imed', '$2a$10$qQaKfNiMxpDro1eaHEyj3.ZK6pyqG7UMo19uXdZ64g8kpQ9vZw4UW', 'attia', b'1', 'RH', NULL),
(6, 'imed@gmail.com', 'lekher', '$2a$10$909exG3bJxxHZ/KG/OSvz.N7ZY9rRMRGIsoDf/j5rhyWoMIXQbwp6', 'hello', b'1', 'EMPLOYE', NULL),
(7, 'zaineb.khlifi@esprit.tn', 'Zaineb', '$2a$10$WZ3B.9sy9B905Jh8ArDp/eODzTmboQrWrw86EfwImFp6fDVpfkuju', 'Khlifi', b'1', 'EMPLOYE', NULL),
(8, 'zainebyaich@gmail.com', 'zaineb', '$2a$10$uAu793NJqkeb6tsGkMf/QujD2W9bG/XjL2mVoQREUtjcUKp26T5oi', 'yaich', b'1', 'EMPLOYE', NULL);

--
-- Index pour les tables déchargées
--

--
-- Index pour la table `calendrier`
--
ALTER TABLE `calendrier`
  ADD PRIMARY KEY (`id_calendrier`);

--
-- Index pour la table `conge`
--
ALTER TABLE `conge`
  ADD PRIMARY KEY (`id`),
  ADD KEY `FKh21c9wcn1wbund2qg3kpdvg6x` (`utilisateur_id`);

--
-- Index pour la table `dossier`
--
ALTER TABLE `dossier`
  ADD PRIMARY KEY (`id`),
  ADD KEY `FK43olko9cs209cf0jfosv3ikmc` (`projet_id`);

--
-- Index pour la table `equipe`
--
ALTER TABLE `equipe`
  ADD PRIMARY KEY (`id`),
  ADD UNIQUE KEY `UK_jbrdvuchjd6pejbkm5p5hd7s` (`chef_id`);

--
-- Index pour la table `equipe_historique`
--
ALTER TABLE `equipe_historique`
  ADD PRIMARY KEY (`id`),
  ADD KEY `FKm8a7s51tti373kja9lspklrqm` (`equipe_id`);

--
-- Index pour la table `equipe_membres`
--
ALTER TABLE `equipe_membres`
  ADD UNIQUE KEY `UK_1h3i2qcs4wy9gje2bfjowc9f8` (`membres_id`),
  ADD KEY `FKchw81kps6kyqylyc0rlaqhfv8` (`equipe_id`);

--
-- Index pour la table `equipe_projets`
--
ALTER TABLE `equipe_projets`
  ADD UNIQUE KEY `UK_b624f659w5npgug85j7rcug0j` (`projets_id`),
  ADD KEY `FK5c9i9047c91rquw7s5ib39cij` (`equipe_id`);

--
-- Index pour la table `feed_back`
--
ALTER TABLE `feed_back`
  ADD PRIMARY KEY (`id`),
  ADD KEY `FKeq3nu6fixnnbf2j8x2ducj61a` (`utilisateur_employe_feed_back_id`),
  ADD KEY `FKkidw8tgs396ga6tr2s69oou3` (`utilisateur_manager_feed_back_id`);

--
-- Index pour la table `file_entity`
--
ALTER TABLE `file_entity`
  ADD PRIMARY KEY (`id`),
  ADD KEY `FKl56nl0wb22xvlice5lv3n3htl` (`user_id`);

--
-- Index pour la table `message`
--
ALTER TABLE `message`
  ADD PRIMARY KEY (`id`),
  ADD KEY `FK5gf8gyfxd00q6kevnvi1gyran` (`receiver_id`),
  ADD KEY `FK7tqtl1mrpy9w5j03x17kx8rcp` (`sender_id`);

--
-- Index pour la table `presence`
--
ALTER TABLE `presence`
  ADD PRIMARY KEY (`id`),
  ADD KEY `FKm7eqwcod4gday4xlf74fw2j9f` (`utilisateur_id`);

--
-- Index pour la table `projet`
--
ALTER TABLE `projet`
  ADD PRIMARY KEY (`id`),
  ADD KEY `FKski1t1iqpv8gme3fes71x44kk` (`team_id`);

--
-- Index pour la table `reclamation`
--
ALTER TABLE `reclamation`
  ADD PRIMARY KEY (`id`),
  ADD KEY `FK55ht6ps526c11yys84mmqxlg` (`utilisateur_reclamation_id`);

--
-- Index pour la table `sous_tache`
--
ALTER TABLE `sous_tache`
  ADD PRIMARY KEY (`id`),
  ADD KEY `FK8tlytvx8jpwbvfh0pktsfsfdt` (`tache_id`),
  ADD KEY `FKlojloj9os89j45k8kduejic8u` (`user_id`);

--
-- Index pour la table `tache`
--
ALTER TABLE `tache`
  ADD PRIMARY KEY (`id`),
  ADD UNIQUE KEY `UK_sq2xg3cj57os0nc8vpt51fc0j` (`superviser_id`),
  ADD KEY `FKmklqaht9l20hv2kr29aevrl7v` (`dossier_id`);

--
-- Index pour la table `tache_members`
--
ALTER TABLE `tache_members`
  ADD KEY `FKc4p3x6jbo1u57shol3foa23ag` (`members_id`),
  ADD KEY `FKhixjsar83gx8qhfk5en63bhse` (`tache_id`);

--
-- Index pour la table `utilisateur`
--
ALTER TABLE `utilisateur`
  ADD PRIMARY KEY (`id`);

--
-- AUTO_INCREMENT pour les tables déchargées
--

--
-- AUTO_INCREMENT pour la table `calendrier`
--
ALTER TABLE `calendrier`
  MODIFY `id_calendrier` bigint(20) NOT NULL AUTO_INCREMENT;

--
-- AUTO_INCREMENT pour la table `conge`
--
ALTER TABLE `conge`
  MODIFY `id` bigint(20) NOT NULL AUTO_INCREMENT, AUTO_INCREMENT=7;

--
-- AUTO_INCREMENT pour la table `dossier`
--
ALTER TABLE `dossier`
  MODIFY `id` bigint(20) NOT NULL AUTO_INCREMENT, AUTO_INCREMENT=7;

--
-- AUTO_INCREMENT pour la table `equipe`
--
ALTER TABLE `equipe`
  MODIFY `id` bigint(20) NOT NULL AUTO_INCREMENT, AUTO_INCREMENT=3;

--
-- AUTO_INCREMENT pour la table `equipe_historique`
--
ALTER TABLE `equipe_historique`
  MODIFY `id` bigint(20) NOT NULL AUTO_INCREMENT;

--
-- AUTO_INCREMENT pour la table `feed_back`
--
ALTER TABLE `feed_back`
  MODIFY `id` bigint(20) NOT NULL AUTO_INCREMENT, AUTO_INCREMENT=3;

--
-- AUTO_INCREMENT pour la table `file_entity`
--
ALTER TABLE `file_entity`
  MODIFY `id` bigint(20) NOT NULL AUTO_INCREMENT, AUTO_INCREMENT=5;

--
-- AUTO_INCREMENT pour la table `message`
--
ALTER TABLE `message`
  MODIFY `id` bigint(20) NOT NULL AUTO_INCREMENT, AUTO_INCREMENT=114;

--
-- AUTO_INCREMENT pour la table `presence`
--
ALTER TABLE `presence`
  MODIFY `id` bigint(20) NOT NULL AUTO_INCREMENT, AUTO_INCREMENT=29;

--
-- AUTO_INCREMENT pour la table `projet`
--
ALTER TABLE `projet`
  MODIFY `id` bigint(20) NOT NULL AUTO_INCREMENT, AUTO_INCREMENT=5;

--
-- AUTO_INCREMENT pour la table `reclamation`
--
ALTER TABLE `reclamation`
  MODIFY `id` bigint(20) NOT NULL AUTO_INCREMENT, AUTO_INCREMENT=4;

--
-- AUTO_INCREMENT pour la table `sous_tache`
--
ALTER TABLE `sous_tache`
  MODIFY `id` bigint(20) NOT NULL AUTO_INCREMENT, AUTO_INCREMENT=3;

--
-- AUTO_INCREMENT pour la table `tache`
--
ALTER TABLE `tache`
  MODIFY `id` bigint(20) NOT NULL AUTO_INCREMENT, AUTO_INCREMENT=9;

--
-- AUTO_INCREMENT pour la table `utilisateur`
--
ALTER TABLE `utilisateur`
  MODIFY `id` bigint(20) NOT NULL AUTO_INCREMENT, AUTO_INCREMENT=9;

--
-- Contraintes pour les tables déchargées
--

--
-- Contraintes pour la table `conge`
--
ALTER TABLE `conge`
  ADD CONSTRAINT `FKh21c9wcn1wbund2qg3kpdvg6x` FOREIGN KEY (`utilisateur_id`) REFERENCES `utilisateur` (`id`);

--
-- Contraintes pour la table `dossier`
--
ALTER TABLE `dossier`
  ADD CONSTRAINT `FK43olko9cs209cf0jfosv3ikmc` FOREIGN KEY (`projet_id`) REFERENCES `projet` (`id`);

--
-- Contraintes pour la table `equipe`
--
ALTER TABLE `equipe`
  ADD CONSTRAINT `FKlrkhnunyn1jd04xc55dm8l9qt` FOREIGN KEY (`chef_id`) REFERENCES `utilisateur` (`id`);

--
-- Contraintes pour la table `equipe_historique`
--
ALTER TABLE `equipe_historique`
  ADD CONSTRAINT `FKm8a7s51tti373kja9lspklrqm` FOREIGN KEY (`equipe_id`) REFERENCES `equipe` (`id`);

--
-- Contraintes pour la table `equipe_membres`
--
ALTER TABLE `equipe_membres`
  ADD CONSTRAINT `FKchw81kps6kyqylyc0rlaqhfv8` FOREIGN KEY (`equipe_id`) REFERENCES `equipe` (`id`),
  ADD CONSTRAINT `FKoev3fo2okun9g76i6u2ti8b52` FOREIGN KEY (`membres_id`) REFERENCES `utilisateur` (`id`);

--
-- Contraintes pour la table `equipe_projets`
--
ALTER TABLE `equipe_projets`
  ADD CONSTRAINT `FK5c9i9047c91rquw7s5ib39cij` FOREIGN KEY (`equipe_id`) REFERENCES `equipe` (`id`),
  ADD CONSTRAINT `FKkmqhmt2r8j541qgshwgcolcf1` FOREIGN KEY (`projets_id`) REFERENCES `projet` (`id`);

--
-- Contraintes pour la table `feed_back`
--
ALTER TABLE `feed_back`
  ADD CONSTRAINT `FKeq3nu6fixnnbf2j8x2ducj61a` FOREIGN KEY (`utilisateur_employe_feed_back_id`) REFERENCES `utilisateur` (`id`),
  ADD CONSTRAINT `FKkidw8tgs396ga6tr2s69oou3` FOREIGN KEY (`utilisateur_manager_feed_back_id`) REFERENCES `utilisateur` (`id`);

--
-- Contraintes pour la table `file_entity`
--
ALTER TABLE `file_entity`
  ADD CONSTRAINT `FKl56nl0wb22xvlice5lv3n3htl` FOREIGN KEY (`user_id`) REFERENCES `utilisateur` (`id`);

--
-- Contraintes pour la table `message`
--
ALTER TABLE `message`
  ADD CONSTRAINT `FK5gf8gyfxd00q6kevnvi1gyran` FOREIGN KEY (`receiver_id`) REFERENCES `utilisateur` (`id`),
  ADD CONSTRAINT `FK7tqtl1mrpy9w5j03x17kx8rcp` FOREIGN KEY (`sender_id`) REFERENCES `utilisateur` (`id`);

--
-- Contraintes pour la table `presence`
--
ALTER TABLE `presence`
  ADD CONSTRAINT `FKm7eqwcod4gday4xlf74fw2j9f` FOREIGN KEY (`utilisateur_id`) REFERENCES `utilisateur` (`id`);

--
-- Contraintes pour la table `projet`
--
ALTER TABLE `projet`
  ADD CONSTRAINT `FKski1t1iqpv8gme3fes71x44kk` FOREIGN KEY (`team_id`) REFERENCES `equipe` (`id`);

--
-- Contraintes pour la table `reclamation`
--
ALTER TABLE `reclamation`
  ADD CONSTRAINT `FK55ht6ps526c11yys84mmqxlg` FOREIGN KEY (`utilisateur_reclamation_id`) REFERENCES `utilisateur` (`id`);

--
-- Contraintes pour la table `sous_tache`
--
ALTER TABLE `sous_tache`
  ADD CONSTRAINT `FK8tlytvx8jpwbvfh0pktsfsfdt` FOREIGN KEY (`tache_id`) REFERENCES `tache` (`id`),
  ADD CONSTRAINT `FKlojloj9os89j45k8kduejic8u` FOREIGN KEY (`user_id`) REFERENCES `utilisateur` (`id`);

--
-- Contraintes pour la table `tache`
--
ALTER TABLE `tache`
  ADD CONSTRAINT `FK39igvp73v3slxva0e6q0lnt7d` FOREIGN KEY (`superviser_id`) REFERENCES `utilisateur` (`id`),
  ADD CONSTRAINT `FKmklqaht9l20hv2kr29aevrl7v` FOREIGN KEY (`dossier_id`) REFERENCES `dossier` (`id`);

--
-- Contraintes pour la table `tache_members`
--
ALTER TABLE `tache_members`
  ADD CONSTRAINT `FKc4p3x6jbo1u57shol3foa23ag` FOREIGN KEY (`members_id`) REFERENCES `utilisateur` (`id`),
  ADD CONSTRAINT `FKhixjsar83gx8qhfk5en63bhse` FOREIGN KEY (`tache_id`) REFERENCES `tache` (`id`);
COMMIT;

/*!40101 SET CHARACTER_SET_CLIENT=@OLD_CHARACTER_SET_CLIENT */;
/*!40101 SET CHARACTER_SET_RESULTS=@OLD_CHARACTER_SET_RESULTS */;
/*!40101 SET COLLATION_CONNECTION=@OLD_COLLATION_CONNECTION */;
